env_step,episode,epsilon,episode_reward,total_waiting_time,throughput,loss
200,0,0.9975,-570.42986138165,313.0,877,nan
400,0,0.995,-684.2795584946871,163.0,1986,9.870888710021973
600,0,0.9925,-1161.1194251328707,375.0,3093,12.503886222839355
800,1,0.99,-255.40995582938194,149.0,190,8.84460163116455
1000,1,0.9875,-554.5097378194332,188.0,1324,7.381165504455566
1200,1,0.985,-880.9495342671871,246.0,2438,6.224831581115723
1400,1,0.9825,-1087.869407504797,190.0,3528,5.4661865234375
1600,2,0.98,-315.9798405021429,101.0,646,8.102970123291016
1800,2,0.9775,-667.2395994514227,184.0,1755,5.378544807434082
2000,2,0.975,-1062.449377283454,312.0,2856,6.28655481338501
2200,3,0.9725,-237.82002061605453,184.0,25,6.390474319458008
2400,3,0.97,-554.3198346495628,232.0,1113,7.018698215484619
2600,3,0.9675,-858.1996340155602,269.0,2217,4.934523582458496
2800,3,0.965,-995.349388062954,145.0,3312,3.118450164794922
3000,4,0.9625,-379.20990939438343,220.0,420,3.502115488052368
3200,4,0.96,-691.5697431117296,265.0,1539,2.9521007537841797
3400,4,0.9575,-881.6195890456438,190.0,2662,2.7702243328094482
3600,4,0.955,-1164.039400294423,208.0,3766,3.4944241046905518
3800,5,0.9525,-628.0898509323597,367.0,873,2.6896324157714844
4000,5,0.95,-646.5896382629871,117.0,1989,3.4056649208068848
4200,5,0.9475,-966.5194247066975,175.0,3104,3.188699245452881
4400,6,0.945,-230.0499463379383,127.0,195,3.0681116580963135
4600,6,0.9425,-579.4097552597523,212.0,1312,4.712096214294434
4800,6,0.94,-855.4495425522327,222.0,2439,2.760917901992798
5000,6,0.9375,-1071.7192712128162,174.0,3534,3.0877978801727295
5200,7,0.935,-523.1298086345196,311.0,648,1.9815032482147217
5400,7,0.9325,-738.7596094310284,259.0,1759,2.992892265319824
5600,7,0.9299999999999999,-936.1894914805889,190.0,2852,3.4457809925079346
5800,8,0.9275,-212.37998758256435,163.0,27,2.5381996631622314
6000,8,0.925,-443.39985404908657,129.0,1111,2.8415651321411133
6200,8,0.9225,-723.2495945543051,142.0,2222,1.9557147026062012
6400,8,0.92,-1132.9294198602438,289.0,3311,2.01460862159729
6600,9,0.9175,-256.4699389487505,99.0,411,3.003751754760742
6800,9,0.915,-753.859734967351,329.0,1540,2.3474459648132324
7000,9,0.9125,-1008.9996072798967,319.0,2661,2.6761398315429688
7200,9,0.91,-1189.8793470412493,233.0,3768,2.4320614337921143
7400,10,0.9075,-379.0698569267988,113.0,881,1.9079153537750244
7600,10,0.905,-756.9896667450666,228.0,1991,2.0200557708740234
7800,10,0.9025,-1264.6093910187483,470.0,3094,2.3188605308532715
8000,11,0.9,-340.9099941253662,236.0,190,1.5872713327407837
8200,11,0.8975,-592.8099007606506,226.0,1318,1.378305196762085
8400,11,0.895,-847.4496731758118,214.0,2435,1.948378562927246
8600,11,0.8925,-1240.539577960968,340.0,3541,2.3123748302459717
8800,12,0.89,-614.4698027819395,403.0,646,2.2297842502593994
9000,12,0.8875,-553.8296679705381,75.0,1762,1.7615995407104492
9200,12,0.885,-1008.5995120257139,261.0,2856,2.3866395950317383
9400,13,0.8825,-230.85999442636967,181.0,29,2.318216323852539
9600,13,0.88,-560.3997683674097,240.0,1118,1.6676586866378784
9800,13,0.8775,-749.4595275074244,156.0,2221,2.187682628631592
10000,13,0.875,-1133.6593775898218,263.0,3313,1.8301163911819458
10200,14,0.8725,-294.129908695817,136.0,416,1.465654969215393
10400,14,0.87,-638.9097153097391,219.0,1542,1.880989909172058
10600,14,0.8674999999999999,-851.8394972234964,170.0,2665,1.354155421257019
10800,14,0.865,-1318.4593140035868,374.0,3769,1.4276593923568726
11000,15,0.8625,-458.1098569110036,196.0,873,1.7766627073287964
11200,15,0.86,-673.0095484927297,143.0,1989,1.4724316596984863
11400,15,0.8575,-987.6793921664357,191.0,3108,2.36989426612854
11600,16,0.855,-287.3499296158552,184.0,194,1.4232704639434814
11800,16,0.8525,-588.4097445458174,221.0,1324,1.3171133995056152
12000,16,0.85,-859.9095871895552,233.0,2443,1.6305692195892334
12200,16,0.8474999999999999,-1014.7093174904585,128.0,3535,1.3806122541427612
12400,17,0.845,-420.09990760684013,208.0,644,1.320531964302063
12600,17,0.8425,-819.3196584880352,341.0,1758,1.3019545078277588
12800,17,0.84,-1061.1394207179546,316.0,2859,1.4650267362594604
13000,18,0.8375,-228.34001622349024,178.0,23,1.2114109992980957
13200,18,0.835,-416.33979592472315,105.0,1122,1.253673791885376
13400,18,0.8325,-862.289607860148,282.0,2224,1.0694608688354492
13600,18,0.83,-986.0093494430184,138.0,3306,1.059217929840088
13800,19,0.8275,-445.91989371180534,291.0,411,1.0926274061203003
14000,19,0.825,-548.6296419799328,122.0,1535,1.0990902185440063
14200,19,0.8225,-888.9294681251049,201.0,2664,1.1354749202728271
14400,19,0.82,-1095.8092078864574,138.0,3773,0.8447986841201782
14600,20,0.8175,-502.1898132264614,239.0,868,0.8755083084106445
14800,20,0.815,-735.7496744096279,210.0,1990,0.6416302919387817
15000,20,0.8125,-1054.9994355142117,266.0,3105,0.6834140419960022
15200,21,0.81,-317.5400164872408,218.0,189,0.5123563408851624
15400,21,0.8075,-541.9797356873751,174.0,1315,2.001286029815674
15600,21,0.8049999999999999,-965.2995250970125,323.0,2448,0.8314214944839478
15800,21,0.8025,-1210.6592558175325,304.0,3537,1.283019781112671
16000,22,0.8,-497.88995519280434,298.0,644,0.7759839296340942
16200,22,0.7975,-731.0896717607975,266.0,1764,0.5514944791793823
16400,22,0.795,-956.3893858492374,224.0,2859,0.5023751854896545
16600,23,0.7925,-216.98998336866498,171.0,25,0.5507123470306396
16800,23,0.79,-562.2097518928349,244.0,1107,0.7462118864059448
17000,23,0.7875,-788.7795737273991,197.0,2219,0.3604115843772888
17200,23,0.7849999999999999,-1034.1194403655827,170.0,3312,0.5335394144058228
17400,24,0.7825,-317.21992985904217,159.0,416,0.9733259677886963
17600,24,0.78,-759.0497495383024,323.0,1536,0.4340500831604004
17800,24,0.7775,-868.5395518988371,160.0,2666,0.4734547436237335
18000,24,0.775,-1108.6893583983183,127.0,3768,0.6111659407615662
18200,25,0.7725,-445.30984462052584,179.0,878,0.4382375478744507
18400,25,0.77,-617.7797418907285,80.0,1993,0.886663019657135
18600,25,0.7675,-1022.2796112373471,213.0,3096,0.403190940618515
18800,26,0.765,-220.0200016796589,117.0,196,0.2459166795015335
19000,26,0.7625,-596.5097582638264,221.0,1321,0.4757089614868164
19200,26,0.76,-788.3395183384418,144.0,2441,0.2538011968135834
19400,26,0.7575000000000001,-1063.1292970478535,152.0,3531,0.5719148516654968
19600,27,0.755,-345.98983067274094,135.0,652,0.355197936296463
19800,27,0.7525,-628.4197029471397,139.0,1761,0.20598360896110535
20000,27,0.75,-1048.9094113707542,290.0,2862,0.30676648020744324
20200,28,0.7475,-127.00999762117863,77.0,28,0.2474145144224167
20400,28,0.745,-456.6397917419672,136.0,1118,0.46481212973594666
20600,28,0.7424999999999999,-640.0895335823298,58.0,2223,0.5380098223686218
20800,28,0.74,-990.979282155633,137.0,3314,0.07747165858745575
21000,29,0.7375,-380.489933565259,228.0,413,0.646942138671875
21200,29,0.735,-629.129696443677,213.0,1539,0.17236332595348358
21400,29,0.7324999999999999,-891.199406221509,209.0,2656,0.8288887143135071
21600,29,0.73,-1173.9391923695803,223.0,3773,0.2312469482421875
21800,30,0.7275,-474.049748390913,218.0,876,0.3062869906425476
22000,30,0.725,-988.7695107161999,468.0,1987,0.14877906441688538
22200,30,0.7224999999999999,-890.7192730605602,107.0,3095,0.3137464225292206
22400,31,0.72,-217.61993646621704,114.0,196,0.182924285531044
22600,31,0.7175,-467.7695689201355,106.0,1322,0.12263906002044678
22800,31,0.7150000000000001,-773.4494042396545,143.0,2443,0.33867666125297546
23000,31,0.7125,-1055.9691615104675,159.0,3535,0.09542061388492584
23200,32,0.71,-337.3499327003956,126.0,650,0.7036119103431702
23400,32,0.7075,-636.3097796738148,160.0,1764,0.4836648404598236
23600,32,0.7050000000000001,-929.0196152031422,190.0,2864,0.5532913208007812
23800,33,0.7025,-213.1199875473976,165.0,29,0.2685602903366089
24000,33,0.7,-518.1398201584816,205.0,1117,0.1122639998793602
24200,33,0.6975,-661.5395441651344,76.0,2213,0.11376438289880753
24400,33,0.695,-942.1293087601662,88.0,3321,0.07390554249286652
24600,34,0.6925,-389.9698842316866,231.0,412,0.12978075444698334
24800,34,0.69,-625.4196570664644,193.0,1546,0.10250534862279892
25000,34,0.6875,-882.3794406205416,179.0,2664,0.2981690466403961
25200,34,0.685,-1087.7092996388674,111.0,3767,0.2580755650997162
25400,35,0.6825,-624.9098556041718,352.0,881,0.26124805212020874
25600,35,0.6799999999999999,-726.699636220932,178.0,1992,0.08519596606492996
25800,35,0.6775,-959.4795045852661,137.0,3107,0.5238258838653564
26000,36,0.675,-332.5798988342285,228.0,195,0.5047789216041565
26200,36,0.6725,-712.1497044563293,340.0,1328,0.3113860785961151
26400,36,0.67,-821.8794379234314,174.0,2442,0.22445160150527954
26600,36,0.6675,-1078.979196548462,156.0,3532,0.17406708002090454
26800,37,0.665,-432.71983943879604,222.0,650,0.2036990523338318
27000,37,0.6625,-871.3695949167013,386.0,1765,1.3572827577590942
27200,37,0.6599999999999999,-984.6293319314718,225.0,2863,0.3400881588459015
27400,38,0.6575,-132.37999068200588,86.0,30,0.25289463996887207
27600,38,0.655,-503.669779881835,192.0,1118,0.15073347091674805
27800,38,0.6525,-742.9796172231436,162.0,2220,0.13324441015720367
28000,38,0.6499999999999999,-943.1993771642447,96.0,3309,0.3989205062389374
28200,39,0.6475,-311.0298983901739,149.0,413,0.10647367686033249
28400,39,0.645,-563.6396615356207,132.0,1542,0.20075646042823792
28600,39,0.6425000000000001,-879.0893118232489,177.0,2661,0.06307590007781982
28800,39,0.6399999999999999,-1151.4890355914831,186.0,3771,0.19610682129859924
29000,40,0.6375,-341.54971327632666,84.0,878,0.5644983053207397
29200,40,0.635,-741.6594616398215,207.0,1991,0.05832964926958084
29400,40,0.6325000000000001,-979.0192228779197,174.0,3094,0.051716383546590805
29600,41,0.63,-371.91000105440617,270.0,205,0.07020790129899979
29800,41,0.6275,-459.52970863878727,89.0,1323,0.07893151789903641
30000,41,0.625,-873.6794812828302,239.0,2446,0.2730758786201477
30200,41,0.6225,-1064.859373345971,157.0,3536,0.3218061625957489
30400,42,0.62,-361.95979729294777,157.0,642,0.05367409437894821
30600,42,0.6174999999999999,-716.5694555342197,257.0,1758,0.29149100184440613
30800,42,0.615,-858.1991104185581,146.0,2855,0.069680355489254
31000,43,0.6125,-231.12997195869684,184.0,25,0.4471765458583832
31200,43,0.61,-556.169719196856,261.0,1119,0.3511582612991333
31400,43,0.6074999999999999,-697.3994226232171,152.0,2215,0.380232036113739
31600,43,0.605,-895.7490930333734,94.0,3313,0.1646760106086731
31800,44,0.6025,-361.9698958694935,212.0,413,0.06811888515949249
32000,44,0.6000000000000001,-537.3397016823292,133.0,1535,0.3292040526866913
32200,44,0.5974999999999999,-754.9593344032764,97.0,2654,0.03233621269464493
32400,44,0.595,-1200.899042159319,279.0,3769,0.22348663210868835
32600,45,0.5925,-663.8597410842776,404.0,882,0.0905638113617897
32800,45,0.5900000000000001,-741.249520175159,214.0,1994,0.1314246505498886
33000,45,0.5875,-1026.4392765685916,233.0,3099,0.40277913212776184
33200,46,0.585,-285.1399629712105,185.0,191,0.1734851747751236
33400,46,0.5825,-622.6896465420723,259.0,1325,0.13951238989830017
33600,46,0.58,-695.92940980196,65.0,2437,0.24585163593292236
33800,46,0.5775,-1175.279127418995,279.0,3541,0.1546846628189087
34000,47,0.575,-317.60984336584806,108.0,652,0.09038843214511871
34200,47,0.5725,-727.219540707767,245.0,1757,0.1148899495601654
34400,47,0.57,-895.8492423221469,146.0,2862,0.05622824281454086
34600,48,0.5675,-165.59998052567244,120.0,23,0.24070757627487183
34800,48,0.565,-471.83965700119734,153.0,1126,0.11496585607528687
35000,48,0.5625,-773.559457950294,178.0,2220,0.13658277690410614
35200,48,0.56,-1126.129251651466,257.0,3313,0.1184617280960083
35400,49,0.5575,-313.7499174401164,157.0,412,0.29796892404556274
35600,49,0.5549999999999999,-580.879675321281,146.0,1537,0.023661501705646515
35800,49,0.5525,-850.8994676396251,142.0,2664,0.0732344388961792
36000,49,0.55,-1168.8092333599925,181.0,3777,1.3384848833084106
36200,50,0.5475,-386.47979854792356,113.0,878,0.39437779784202576
36400,50,0.5449999999999999,-745.6895964071155,196.0,1993,0.04143820330500603
36600,50,0.5425,-1048.4393331930041,225.0,3094,0.0656920075416565
36800,51,0.54,-256.61996880173683,153.0,193,0.04086700826883316
37000,51,0.5375000000000001,-670.2497047483921,299.0,1314,0.07349681854248047
37200,51,0.5349999999999999,-816.6294235289097,177.0,2450,0.17053073644638062
37400,51,0.5325,-1039.209185987711,130.0,3538,0.12719523906707764
37600,52,0.53,-510.3598612397909,297.0,652,0.12600930035114288
37800,52,0.5275,-648.2996612638235,174.0,1759,0.14144761860370636
38000,52,0.5249999999999999,-847.1893280595541,107.0,2863,0.046731770038604736
38200,53,0.5225,-147.1199827492237,102.0,25,0.029716577380895615
38400,53,0.52,-423.64971831440926,116.0,1122,0.14288349449634552
38600,53,0.5175000000000001,-787.0594740211964,211.0,2226,0.10727598518133163
38800,53,0.515,-1036.7391276657581,195.0,3317,0.14866262674331665
39000,54,0.5125,-269.6298855226487,110.0,422,0.22222280502319336
39200,54,0.51,-517.4296444337815,80.0,1541,0.025487719103693962
39400,54,0.5075,-917.1393631380051,208.0,2665,0.06736362725496292
39600,54,0.5049999999999999,-1145.0991888921708,156.0,3772,0.1414816975593567
39800,55,0.5025,-392.8897591084242,127.0,882,0.03494156897068024
40000,55,0.5,-676.6294098347425,139.0,1992,0.05541050434112549
40200,55,0.49749999999999994,-897.6491241902113,86.0,3096,0.3800904452800751
40400,56,0.495,-305.12995908409357,204.0,195,0.3810281753540039
40600,56,0.49249999999999994,-492.6597561612725,117.0,1325,0.047453779727220535
40800,56,0.49,-790.6495618596673,132.0,2451,0.036206409335136414
41000,56,0.48750000000000004,-1156.519358612597,221.0,3537,0.0874171108007431
41200,57,0.485,-314.9698649123311,99.0,653,0.05782662332057953
41400,57,0.48250000000000004,-653.089565820992,155.0,1766,0.061195049434900284
41600,57,0.48,-882.83936984092,105.0,2865,0.039483845233917236
41800,58,0.4774999999999999,-172.43997790291905,126.0,28,0.1324150711297989
42000,58,0.475,-484.73972680047154,159.0,1116,0.11727100610733032
42200,58,0.4724999999999999,-715.4995038695633,105.0,2224,0.4299851655960083
42400,58,0.47,-996.8492973037064,109.0,3313,0.13282686471939087
42600,59,0.4675,-442.819905012846,281.0,422,0.033137522637844086
42800,59,0.46499999999999997,-570.9997026622295,130.0,1547,0.02924504317343235
43000,59,0.4625,-801.299472540617,78.0,2666,0.18376821279525757
43200,59,0.45999999999999996,-1140.0892927348614,138.0,3770,0.045711420476436615
43400,60,0.4575,-433.46979550272226,162.0,876,0.023716524243354797
43600,60,0.45500000000000007,-668.0995905771852,114.0,1991,0.03901411592960358
43800,60,0.4525,-939.9293420687318,105.0,3102,0.06440157443284988
44000,61,0.44999999999999996,-172.98995216935873,70.0,201,0.10483487695455551
44200,61,0.4474999999999999,-547.9197235926986,168.0,1318,0.06662774085998535
44400,61,0.44499999999999995,-752.8895176276565,88.0,2444,0.07579085230827332
44600,61,0.4425,-1099.5693789348006,145.0,3542,0.4703107476234436
44800,62,0.43999999999999995,-345.87990760058165,118.0,657,0.02328207902610302
45000,62,0.4375,-658.7496769353747,136.0,1766,0.027965256944298744
45200,62,0.43499999999999994,-997.4795420095325,187.0,2867,0.24999374151229858
45400,63,0.4325,-194.6200046353042,148.0,28,0.09478969126939774
45600,63,0.43000000000000005,-448.98988197371364,115.0,1119,0.21622811257839203
45800,63,0.4275,-746.4997520260513,133.0,2222,0.06185431778430939
46000,63,0.42500000000000004,-1026.8595986180007,116.0,3311,0.04153163358569145
46200,64,0.4225,-315.06988218426704,157.0,417,0.14656123518943787
46400,64,0.41999999999999993,-547.6297405064106,112.0,1539,0.018058691173791885
46600,64,0.4175,-831.3494794666767,116.0,2665,0.6215895414352417
46800,64,0.4149999999999999,-1071.2193153202534,73.0,3776,0.040140554308891296
47000,65,0.4125,-364.8898015804589,102.0,876,0.1627420037984848
47200,65,0.41000000000000003,-717.8295942135155,170.0,1994,0.05451960861682892
47400,65,0.4075,-952.5493543930352,125.0,3110,0.5094876289367676
47600,66,0.405,-189.12992780283093,88.0,205,0.05866431072354317
47800,66,0.40249999999999997,-655.5296355970204,282.0,1325,0.0507231131196022
48000,66,0.4,-811.6093789823353,158.0,2449,0.03733124956488609
48200,66,0.3975000000000001,-1019.3590542562306,98.0,3540,0.058297716081142426
48400,67,0.3949999999999999,-404.5798363573849,201.0,651,0.07047360390424728
48600,67,0.39249999999999996,-625.5694880373776,166.0,1757,0.08166368305683136
48800,67,0.3899999999999999,-927.7191872484982,225.0,2852,0.02905617654323578
49000,68,0.38749999999999996,-218.659983959049,176.0,31,0.17539173364639282
49200,68,0.385,-535.8796394728124,245.0,1106,0.1748044490814209
49400,68,0.38249999999999995,-754.2093780897558,217.0,2221,0.3514723777770996
49600,68,0.38,-988.4190538786352,205.0,3307,0.019384151324629784
49800,69,0.37749999999999995,-398.1199210062623,260.0,410,0.3382638096809387
50000,69,0.375,-665.0595708265901,287.0,1542,0.5854079723358154
50200,69,0.37250000000000005,-822.6592660322785,201.0,2660,0.017760707065463066
50400,69,0.37,-1089.408947981894,227.0,3772,0.07133913785219193
50600,70,0.36750000000000005,-380.56974708661437,137.0,883,0.02173684351146221
50800,70,0.365,-612.8494831286371,115.0,1989,0.014626426622271538
51000,70,0.36249999999999993,-947.7091942988336,199.0,3095,0.02931564301252365
51200,71,0.36,-244.129902433604,158.0,195,0.02010270208120346
51400,71,0.35749999999999993,-489.93966824933887,151.0,1320,0.03546193987131119
51600,71,0.355,-785.2794404737651,192.0,2439,0.08413761854171753
51800,71,0.35250000000000004,-919.6692133657634,68.0,3538,0.025156289339065552
52000,72,0.35,-309.75981974229217,115.0,652,0.03506774827837944
52200,72,0.34750000000000003,-626.1794767342508,173.0,1759,0.049476508051157
52400,72,0.345,-862.0392308197916,143.0,2870,0.027261873707175255
52600,73,0.3425,-173.7700092457235,130.0,28,0.02036275528371334
52800,73,0.3400000000000001,-418.46987744793296,99.0,1120,0.026241730898618698
53000,73,0.3374999999999999,-737.479576792568,143.0,2219,0.07271789759397507
53200,73,0.33499999999999996,-1042.7093398235738,171.0,3317,0.020532792434096336
53400,74,0.3324999999999999,-313.59997291862965,157.0,419,0.08315125852823257
53600,74,0.32999999999999996,-484.58975906670094,51.0,1546,0.02878386713564396
53800,74,0.3275,-800.7895333319902,87.0,2666,0.040901537984609604
54000,74,0.32499999999999996,-1104.659402564168,105.0,3772,0.01825004816055298
54200,75,0.3225,-338.0798953399062,67.0,881,0.09910839051008224
54400,75,0.31999999999999995,-681.3497150763869,122.0,1994,0.01951751485466957
54600,75,0.3175,-993.6995342597365,148.0,3114,0.1375134289264679
54800,76,0.31500000000000006,-197.1599827092141,96.0,190,0.022887684404850006
55000,76,0.3125,-508.9197655003518,126.0,1319,0.02968403324484825
55200,76,0.30999999999999994,-788.6195738594979,103.0,2443,0.02696177177131176
55400,76,0.3075,-1105.8494332116097,122.0,3539,0.01969221979379654
55600,77,0.30499999999999994,-331.86986714601517,112.0,649,0.10187113285064697
55800,77,0.3025,-687.449682533741,171.0,1776,0.029173176735639572
56000,77,0.29999999999999993,-971.2295172810555,163.0,2859,0.25391650199890137
56200,78,0.2975,-177.57000510953367,135.0,27,0.4716639220714569
56400,78,0.29500000000000004,-403.38979547284544,82.0,1117,0.023752868175506592
56600,78,0.2925,-691.4595929887146,101.0,2220,0.028127972036600113
56800,78,0.29000000000000004,-926.0294019486755,68.0,3312,0.034495241940021515
57000,79,0.2875,-293.86990919336677,146.0,417,0.028241490945219994
57200,79,0.28500000000000003,-537.0696944259107,118.0,1542,0.19537249207496643
57400,79,0.2825,-841.0594133399427,157.0,2658,0.032693371176719666
57600,79,0.2799999999999999,-1052.8890999816358,103.0,3780,0.02215775102376938
57800,80,0.27749999999999997,-304.939790988341,53.0,885,0.01944599486887455
58000,80,0.2749999999999999,-781.489618325606,251.0,1991,0.047024697065353394
58200,80,0.27249999999999996,-906.9493403676897,101.0,3100,0.025518158450722694
58400,81,0.27,-248.75993406400084,162.0,197,0.05441861227154732
58600,81,0.26749999999999996,-536.5196706019342,189.0,1321,0.025267234072089195
58800,81,0.265,-776.1294304095209,171.0,2446,0.023144442588090897
59000,81,0.26249999999999996,-969.0491400919855,110.0,3543,0.14236049354076385
59200,82,0.26,-311.2198343742639,123.0,651,0.10710210353136063
59400,82,0.25750000000000006,-595.4395132530481,150.0,1758,0.01173107884824276
59600,82,0.255,-887.8592415321618,178.0,2866,0.01766907051205635
59800,83,0.25249999999999995,-148.059992602095,112.0,30,0.023090900853276253
60000,83,0.25,-478.61967640183866,183.0,1126,0.03471018373966217
60200,83,0.24749999999999994,-652.5494077708572,95.0,2219,0.013877195306122303
60400,83,0.245,-1045.3190901782364,225.0,3316,0.016252346336841583
60600,84,0.24249999999999994,-264.9398619476706,121.0,417,0.0123712457716465
60800,84,0.24,-567.2896184269339,146.0,1543,0.026723358780145645
61000,84,0.23750000000000004,-826.319334441796,132.0,2666,0.03263068199157715
61200,84,0.235,-1081.6090549770743,122.0,3774,0.3029765188694
61400,85,0.23250000000000004,-402.6098009571433,145.0,879,0.027981657534837723
61600,85,0.22999999999999998,-691.0395189747214,167.0,1992,0.2660793960094452
61800,85,0.22750000000000004,-876.0093051418662,76.0,3105,0.018686342984437943
62000,86,0.22499999999999998,-181.97992184571922,87.0,197,0.2988870441913605
62200,86,0.22249999999999992,-543.3595528881997,180.0,1323,0.019540531560778618
62400,86,0.21999999999999997,-718.4392485897988,81.0,2443,0.03370357304811478
62600,86,0.21749999999999992,-1041.679097680375,134.0,3534,0.028679898008704185
62800,87,0.21499999999999997,-347.93995147012174,144.0,647,0.03059818036854267
63000,87,0.21250000000000002,-698.599781325087,212.0,1763,0.028890682384371758
63200,87,0.20999999999999996,-908.869659235701,146.0,2871,0.040581051260232925
63400,88,0.20750000000000002,-130.46999453380704,96.0,26,0.01763395220041275
63600,88,0.20499999999999996,-480.86982582882047,174.0,1121,0.040045116096735
63800,88,0.2025,-674.8296476490796,82.0,2217,0.03918493539094925
64000,88,0.20000000000000007,-915.4094143994153,59.0,3316,0.04469049721956253
64200,89,0.1974999999999999,-248.16989946365356,103.0,420,0.05172594636678696
64400,89,0.19499999999999995,-485.2197389602661,57.0,1541,0.057171378284692764
64600,89,0.1925,-862.3895981311798,142.0,2665,0.02306082285940647
64800,89,0.18999999999999995,-1129.989367723465,124.0,3776,0.10416972637176514
65000,90,0.1875,-393.409855209291,128.0,876,0.032680314034223557
65200,90,0.18499999999999994,-665.6296766623855,113.0,1990,0.029415057972073555
65400,90,0.1825,-920.8894847258925,88.0,3113,0.03342282027006149
65600,91,0.18000000000000005,-220.880006570369,125.0,205,0.0294480063021183
65800,91,0.1775,-494.06978871300817,102.0,1324,0.025409869849681854
66000,91,0.17500000000000004,-807.6696212477982,133.0,2445,0.04473155736923218
66200,91,0.1725,-1050.389440793544,90.0,3545,0.022138843312859535
66400,92,0.16999999999999993,-341.4998581074178,127.0,652,0.030600009486079216
66600,92,0.16749999999999998,-622.0896699093282,142.0,1761,0.13602477312088013
66800,92,0.16499999999999992,-879.7993380688131,128.0,2860,0.022128388285636902
67000,93,0.16249999999999998,-116.4099834524095,85.0,28,0.018743619322776794
67200,93,0.15999999999999992,-469.9898026548326,169.0,1116,0.017199253663420677
67400,93,0.15749999999999997,-705.9796043001115,125.0,2229,0.01821722835302353
67600,93,0.15500000000000003,-952.1094499193132,102.0,3316,0.032979704439640045
67800,94,0.15249999999999997,-329.83992329239845,185.0,427,0.01894111931324005
68000,94,0.15000000000000002,-568.7997359335423,150.0,1546,0.3059288263320923
68200,94,0.14749999999999996,-867.6095589697361,178.0,2669,0.02585812471807003
68400,94,0.14500000000000002,-1092.1393851339817,131.0,3782,0.019141143187880516
68600,95,0.14250000000000007,-377.6699035447091,132.0,883,0.028824005275964737
68800,95,0.1399999999999999,-607.6297629158944,79.0,1995,0.049326151609420776
69000,95,0.13749999999999996,-858.8396570961922,54.0,3111,0.012495134957134724
69200,96,0.135,-193.2900090739131,105.0,206,0.08525437116622925
69400,96,0.13249999999999995,-523.609896235168,149.0,1323,0.03835313767194748
69600,96,0.13,-732.7498007342219,84.0,2445,0.09173627942800522
69800,96,0.12749999999999995,-1091.4596705958247,162.0,3545,0.015223716385662556
70000,97,0.125,-313.8499599657953,113.0,656,0.022571392357349396
70200,97,0.12250000000000005,-598.1098328791559,126.0,1772,0.027556434273719788
70400,97,0.12,-890.1596842966974,138.0,2866,0.07809233665466309
70600,98,0.11750000000000005,-183.9199937544763,152.0,26,0.019227052107453346
70800,98,0.11499999999999999,-466.169766779989,177.0,1117,0.05594674125313759
71000,98,0.11249999999999993,-641.3895181380212,89.0,2224,0.010373080149292946
71200,98,0.10999999999999999,-992.8692291937768,188.0,3314,0.018074726685881615
71400,99,0.10749999999999993,-255.15990415215492,124.0,411,0.009686158038675785
71600,99,0.10499999999999998,-601.7496875822544,217.0,1543,0.015331689268350601
71800,99,0.10249999999999992,-712.3794340193272,75.0,2667,0.029268339276313782
72000,99,0.1,-986.5491527616978,99.0,3789,0.0180498119443655
72200,100,0.1,-373.03982898406684,146.0,884,0.014151385985314846
72400,100,0.1,-564.8195883911103,88.0,1993,0.009798572398722172
72600,100,0.1,-848.1993426959962,118.0,3107,0.020592929795384407
72800,101,0.1,-218.7799173220992,134.0,196,0.048242248594760895
73000,101,0.1,-458.02960308641195,119.0,1319,0.21282260119915009
73200,101,0.1,-739.4093955382705,147.0,2450,0.26925331354141235
73400,101,0.1,-981.6790927276015,137.0,3541,0.021061791107058525
73600,102,0.1,-344.21976357512176,165.0,647,0.018430674448609352
73800,102,0.1,-513.5495150666684,88.0,1762,0.033306777477264404
74000,102,0.1,-853.3091972451657,170.0,2869,0.027370193973183632
74200,103,0.1,-131.86998808383942,104.0,26,0.06158377230167389
74400,103,0.1,-348.54984390735626,46.0,1127,0.06767380982637405
74600,103,0.1,-679.9997364282608,80.0,2234,0.013695758767426014
74800,103,0.1,-1032.6096521615982,124.0,3312,0.014135978184640408
75000,104,0.1,-274.2999844830483,127.0,424,0.013211981393396854
75200,104,0.1,-544.5998041909188,115.0,1539,0.015809867531061172
75400,104,0.1,-812.3597677033395,83.0,2666,0.023534292355179787
75600,104,0.1,-1102.5696709435433,76.0,3776,0.017625978216528893
75800,105,0.1,-355.73995306901634,87.0,880,0.02047375962138176
76000,105,0.1,-696.3498130124062,140.0,1997,0.013407440856099129
76200,105,0.1,-1002.9096765797585,145.0,3109,0.016816455870866776
76400,106,0.1,-242.05992707423866,170.0,192,0.017192957922816277
76600,106,0.1,-550.3796072881669,237.0,1318,0.015384522266685963
76800,106,0.1,-785.7592926900834,270.0,2437,0.03307076543569565
77000,106,0.1,-864.3889399450272,117.0,3542,0.025873376056551933
77200,107,0.1,-266.1497924029827,110.0,651,0.014891959726810455
77400,107,0.1,-559.269413203001,169.0,1763,0.012201528996229172
77600,107,0.1,-863.1290561854839,249.0,2859,0.01104219350963831
77800,108,0.1,-138.13996377587318,116.0,26,0.07941799610853195
78000,108,0.1,-360.14956441521645,129.0,1114,0.009856993332505226
78200,108,0.1,-571.2092014849186,118.0,2227,0.01785953715443611
78400,108,0.1,-781.0187951624393,114.0,3319,0.007190272212028503
78600,109,0.1,-283.1198980193585,166.0,414,0.02097979746758938
78800,109,0.1,-569.2495462279767,219.0,1535,0.010227331891655922
79000,109,0.1,-706.8392326217145,130.0,2662,0.10283144563436508
79200,109,0.1,-986.1089512687176,169.0,3777,0.007210329174995422
79400,110,0.1,-288.70972377061844,77.0,882,0.012219948694109917
79600,110,0.1,-719.6094153523445,273.0,1999,0.01917467638850212
79800,110,0.1,-788.7791293263435,107.0,3102,0.012869595550000668
80000,111,0.1,-201.319886803627,128.0,190,0.012261319905519485
80200,111,0.1,-407.47950088977814,107.0,1318,0.15648594498634338
80400,111,0.1,-697.8092695474625,139.0,2447,0.1139339730143547
80600,111,0.1,-903.1291290521622,61.0,3546,0.1423978954553604
80800,112,0.1,-262.9098955690861,59.0,657,0.013430636376142502
81000,112,0.1,-575.2697282135487,98.0,1764,0.1735765039920807
81200,112,0.1,-922.8795967400074,170.0,2863,0.013528205454349518
81400,113,0.1,-89.1699823141098,58.0,25,0.014473089016973972
81600,113,0.1,-434.0997987985611,126.0,1115,0.017908181995153427
81800,113,0.1,-671.2496529817581,78.0,2223,0.01546845119446516
82000,113,0.1,-961.8294740915298,96.0,3315,0.01972617767751217
82200,114,0.1,-249.54990946874022,106.0,415,0.04501314088702202
82400,114,0.1,-510.2598253451288,83.0,1546,0.025424448773264885
82600,114,0.1,-782.2397366724908,68.0,2676,0.02095686085522175
82800,114,0.1,-1167.8296328745782,161.0,3781,0.02012229897081852
83000,115,0.1,-390.0999798774719,121.0,880,0.01511028129607439
83200,115,0.1,-688.6699357032776,122.0,1997,0.019353440031409264
83400,115,0.1,-929.629885673523,74.0,3100,0.023112565279006958
83600,116,0.1,-176.1999469678849,82.0,205,0.020306285470724106
83800,116,0.1,-585.6398492734879,193.0,1330,0.017901919782161713
84000,116,0.1,-844.1996994893998,165.0,2449,0.016849197447299957
84200,116,0.1,-1042.759597627446,77.0,3542,0.03887247294187546
84400,117,0.1,-338.4099155943841,127.0,658,0.02272266522049904
84600,117,0.1,-556.4997664969414,81.0,1771,0.015476544387638569
84800,117,0.1,-782.3296257536858,41.0,2863,0.01981925405561924
85000,118,0.1,-130.52001356892288,98.0,29,0.010531676933169365
85200,118,0.1,-348.5698282700032,42.0,1118,0.021111564710736275
85400,118,0.1,-668.5296370964497,97.0,2231,0.017760243266820908
85600,118,0.1,-942.4394466858357,107.0,3321,0.015676522627472878
85800,119,0.1,-242.15996151976287,99.0,425,0.052278365939855576
86000,119,0.1,-520.4797540288419,112.0,1546,0.02062479965388775
86200,119,0.1,-757.239522991702,82.0,2659,0.016806302592158318
86400,119,0.1,-1030.2093563657254,94.0,3777,0.015050767920911312
86600,120,0.1,-318.26985403336585,72.0,882,0.020938683301210403
86800,120,0.1,-633.1396889332682,125.0,1992,0.011376646347343922
87000,120,0.1,-833.8294753674418,61.0,3107,0.04474172368645668
87200,121,0.1,-163.4499978981912,76.0,202,0.017916934564709663
87400,121,0.1,-480.30978679284453,130.0,1323,0.009905909188091755
87600,121,0.1,-738.4596281014383,121.0,2449,0.018685244023799896
87800,121,0.1,-985.289376731962,102.0,3535,0.011908183805644512
88000,122,0.1,-315.12990789301693,121.0,648,0.017729036509990692
88200,122,0.1,-592.3397486675531,131.0,1758,0.010174892842769623
88400,122,0.1,-815.0496690738946,85.0,2874,0.02083342894911766
88600,123,0.1,-107.33001303486526,68.0,29,0.0637844055891037
88800,123,0.1,-384.48982596211135,70.0,1120,0.016813850030303
89000,123,0.1,-702.0196588020772,116.0,2225,0.023616015911102295
89200,123,0.1,-966.59955692105,102.0,3314,0.016731159761548042
89400,124,0.1,-249.8499508779496,94.0,423,0.02677503600716591
89600,124,0.1,-493.4297924917191,56.0,1548,0.02472933568060398
89800,124,0.1,-755.3395951669663,54.0,2659,0.029703741893172264
90000,124,0.1,-1033.3894194643945,55.0,3782,0.022870996966958046
90200,125,0.1,-332.9999021291733,78.0,874,0.011486249975860119
90400,125,0.1,-617.4497836828232,74.0,2004,0.021263347938656807
90600,125,0.1,-916.349730849266,90.0,3106,0.02288021892309189
90800,126,0.1,-178.6399607937783,86.0,209,0.01640673726797104
91000,126,0.1,-472.90984037332237,86.0,1323,0.02918858826160431
91200,126,0.1,-783.1097698491067,98.0,2446,0.03491104021668434
91400,126,0.1,-1096.4997000973672,117.0,3543,0.024028124287724495
91600,127,0.1,-288.48992961645126,82.0,658,0.0378369502723217
91800,127,0.1,-594.6698436141014,91.0,1771,0.2517089545726776
92000,127,0.1,-907.2298077940941,102.0,2865,0.02114604227244854
92200,128,0.1,-99.40001123957336,67.0,34,0.019123319536447525
92400,128,0.1,-457.2999173980206,139.0,1119,0.026955077424645424
92600,128,0.1,-775.7897762637585,176.0,2227,0.021218962967395782
92800,128,0.1,-954.9696802478284,70.0,3318,0.016701187938451767
93000,129,0.1,-237.86994304135442,96.0,414,0.03521331772208214
93200,129,0.1,-498.50983848050237,69.0,1551,0.03124913014471531
93400,129,0.1,-828.1696757264435,119.0,2662,0.036223236471414566
93600,129,0.1,-1073.4295276589692,84.0,3774,0.030355483293533325
93800,130,0.1,-319.0798491220921,72.0,882,0.02149091847240925
94000,130,0.1,-624.7197693567723,93.0,1998,0.041032448410987854
94200,130,0.1,-954.3596132975072,159.0,3109,0.03908843919634819
94400,131,0.1,-209.60998025536537,123.0,202,0.014514909125864506
94600,131,0.1,-480.01986518502235,119.0,1318,0.023874837905168533
94800,131,0.1,-793.7097894251347,153.0,2451,0.023644162341952324
95000,131,0.1,-1039.3496967852116,114.0,3538,0.022395756095647812
95200,132,0.1,-309.3099123798311,118.0,659,0.025012196972966194
95400,132,0.1,-540.2997726760805,81.0,1765,0.024657389149069786
95600,132,0.1,-838.6095914207399,98.0,2874,0.011475377716124058
95800,133,0.1,-96.86000644229352,65.0,28,0.026406625285744667
96000,133,0.1,-430.4699078705162,123.0,1124,0.028413211926817894
96200,133,0.1,-723.4198099281639,120.0,2222,0.02590375393629074
96400,133,0.1,-985.3297153618187,109.0,3323,0.020601078867912292
96600,134,0.1,-271.2399366926402,136.0,418,0.08404748141765594
96800,134,0.1,-565.9198187422007,156.0,1549,0.02423059195280075
97000,134,0.1,-731.2396663259715,56.0,2668,0.03128144145011902
97200,134,0.1,-1053.399596793577,91.0,3781,0.015132824890315533
97400,135,0.1,-394.489964036271,131.0,884,0.030159927904605865
97600,135,0.1,-573.4398241322488,20.0,1998,0.013396789319813251
97800,135,0.1,-912.9196930211037,80.0,3107,0.03062160313129425
98000,136,0.1,-179.16998505219817,85.0,202,0.021837085485458374
98200,136,0.1,-507.79985093697906,122.0,1325,0.015515641309320927
98400,136,0.1,-760.6197838746011,96.0,2449,0.03583043813705444
98600,136,0.1,-1063.8996515236795,139.0,3544,0.00927062425762415
98800,137,0.1,-247.39990957826376,59.0,655,0.02441192790865898
99000,137,0.1,-508.41973980516195,55.0,1773,0.021060220897197723
99200,137,0.1,-828.6395793780684,112.0,2866,0.015451853163540363
99400,138,0.1,-136.2299755718559,111.0,23,0.019024226814508438
99600,138,0.1,-354.4198425915092,69.0,1115,0.017680371180176735
99800,138,0.1,-692.4896639492363,147.0,2221,0.02277074009180069
100000,138,0.1,-908.5894807484001,94.0,3316,0.036008141934871674
100200,139,0.1,-221.37990095838904,91.0,416,0.052866145968437195
100400,139,0.1,-523.4198265336454,118.0,1548,0.019816383719444275
100600,139,0.1,-755.0496390126646,70.0,2665,0.015384558588266373
100800,139,0.1,-1025.329512860626,59.0,3773,0.020656192675232887
101000,140,0.1,-347.0799058005214,94.0,885,0.0321185477077961
101200,140,0.1,-644.9097464606166,120.0,1999,0.023904919624328613
101400,140,0.1,-884.839637093246,83.0,3113,0.017038507387042046
101600,141,0.1,-188.51998993195593,99.0,190,0.030788278207182884
101800,141,0.1,-464.52990266121924,100.0,1325,0.018170934170484543
102000,141,0.1,-743.6898152474314,101.0,2448,0.02893577329814434
102200,141,0.1,-1065.069627488032,151.0,3538,0.020822731778025627
102400,142,0.1,-357.1299631819129,157.0,646,0.019886864349246025
102600,142,0.1,-571.1898348554969,98.0,1770,0.020006805658340454
102800,142,0.1,-869.1296870931983,126.0,2862,0.02811552956700325
103000,143,0.1,-187.52000018954277,155.0,26,0.019366243854165077
103200,143,0.1,-438.6498577296734,131.0,1116,0.014816032722592354
103400,143,0.1,-736.7697021663189,153.0,2222,0.01999031938612461
103600,143,0.1,-986.8795304000378,129.0,3316,0.017041677609086037
103800,144,0.1,-317.47992199100554,173.0,429,0.02146175317466259
104000,144,0.1,-495.0397438351065,79.0,1541,0.02185383439064026
104200,144,0.1,-831.5195361915976,151.0,2660,0.033504705876111984
104400,144,0.1,-1126.1892637554556,191.0,3779,0.02016388438642025
104600,145,0.1,-281.27973932027817,75.0,876,0.012067470699548721
104800,145,0.1,-594.7394923567772,143.0,1998,0.009905491024255753
105000,145,0.1,-828.2992576956749,138.0,3104,0.01205661240965128
105200,146,0.1,-269.91989898495376,199.0,192,0.012723885476589203
105400,146,0.1,-446.73959779553115,148.0,1326,0.009652983397245407
105600,146,0.1,-668.0892934780568,143.0,2455,0.009340887889266014
105800,146,0.1,-1029.3090202789754,262.0,3539,0.012647508643567562
106000,147,0.1,-278.6898342370987,110.0,656,0.01746470294892788
106200,147,0.1,-494.46961319446564,91.0,1759,0.021528558805584908
106400,147,0.1,-777.8193937540054,121.0,2870,0.024745726957917213
106600,148,0.1,-116.09998535737395,90.0,29,0.012082557193934917
106800,148,0.1,-396.11982941254973,108.0,1112,0.008305906318128109
107000,148,0.1,-662.2897019349039,106.0,2226,0.007669054437428713
107200,148,0.1,-914.1195449791849,110.0,3317,0.010891368612647057
107400,149,0.1,-293.21992045268416,162.0,419,0.012728414498269558
107600,149,0.1,-468.639752920717,79.0,1547,0.06582728773355484
107800,149,0.1,-772.0995526872575,125.0,2661,0.007914645597338676
108000,149,0.1,-1052.009366568178,141.0,3770,0.021743619814515114
108200,150,0.1,-351.64983114413917,110.0,880,0.01399775967001915
108400,150,0.1,-604.829682437703,93.0,1996,0.017311207950115204
108600,150,0.1,-884.4395297449082,94.0,3107,0.023691538721323013
108800,151,0.1,-137.6099893078208,48.0,200,0.10308021306991577
109000,151,0.1,-520.9298817142844,148.0,1325,0.012678787112236023
109200,151,0.1,-740.8598166927695,91.0,2450,0.047284483909606934
109400,151,0.1,-1066.3397008404136,131.0,3545,0.0181579552590847
109600,152,0.1,-269.2799646239728,69.0,653,0.013873526826500893
109800,152,0.1,-524.3399102073163,36.0,1774,0.01830029860138893
110000,152,0.1,-862.7597977500409,95.0,2867,0.014999032951891422
110200,153,0.1,-103.31000536307693,71.0,26,0.01347347442060709
110400,153,0.1,-384.9397866092622,88.0,1126,0.015343701466917992
110600,153,0.1,-692.3095599971712,132.0,2222,0.0654459148645401
110800,153,0.1,-897.2793876491487,79.0,3317,0.018232161179184914
111000,154,0.1,-220.3799214940518,96.0,425,0.07004851847887039
111200,154,0.1,-574.0897615533322,187.0,1545,0.108882375061512
111400,154,0.1,-769.129586039111,125.0,2661,0.018594354391098022
111600,154,0.1,-1035.7994139771909,134.0,3787,0.018258027732372284
111800,155,0.1,-368.1598411183804,135.0,880,0.01132090575993061
112000,155,0.1,-608.4096968751401,115.0,1993,0.02558000758290291
112200,155,0.1,-881.2195904832333,126.0,3104,0.009904667735099792
112400,156,0.1,-149.73996334895492,61.0,205,0.019798563793301582
112600,156,0.1,-468.83986669406295,96.0,1325,0.021468717604875565
112800,156,0.1,-727.8997617326677,79.0,2450,0.02144530974328518
113000,156,0.1,-994.1896424852312,62.0,3542,0.01529361680150032
113200,157,0.1,-247.7199467662722,43.0,646,0.04318182170391083
113400,157,0.1,-585.1799062732607,93.0,1768,0.037297241389751434
113600,157,0.1,-908.069751644507,138.0,2861,0.03781326487660408
113800,158,0.1,-148.43999313749373,114.0,27,0.03275028243660927
114000,158,0.1,-392.9798548165709,85.0,1127,0.024466300383210182
114200,158,0.1,-689.5096890870482,104.0,2226,0.026565873995423317
114400,158,0.1,-966.8995926324278,93.0,3312,0.03400356322526932
114600,159,0.1,-244.43997677974403,102.0,424,0.01865587756037712
114800,159,0.1,-540.0998543184251,103.0,1544,0.02891511842608452
115000,159,0.1,-840.0496691148728,119.0,2665,0.03317269682884216
115200,159,0.1,-1102.7394956033677,102.0,3776,0.039677850902080536
115400,160,0.1,-347.93990693986416,81.0,881,0.03594370186328888
115600,160,0.1,-671.2297249883413,124.0,1995,0.031142067164182663
115800,160,0.1,-962.8896714299917,130.0,3103,0.021708982065320015
116000,161,0.1,-166.1899999603629,77.0,198,0.023983709514141083
116200,161,0.1,-490.32993998378515,109.0,1325,0.02988266572356224
116400,161,0.1,-791.5097452625632,134.0,2452,0.021849000826478004
116600,161,0.1,-1015.669588945806,89.0,3533,0.017640147358179092
116800,162,0.1,-324.48992308974266,127.0,656,0.01795317977666855
117000,162,0.1,-529.14977607131,61.0,1766,0.018586695194244385
117200,162,0.1,-835.1296790540218,98.0,2865,0.01914137601852417
117400,163,0.1,-123.61000275611877,94.0,28,0.012720211409032345
117600,163,0.1,-436.16989493370056,144.0,1125,0.030789814889431
117800,163,0.1,-668.5097711086273,104.0,2225,0.015362964943051338
118000,163,0.1,-902.169665813446,67.0,3320,0.014704825356602669
118200,164,0.1,-291.6299422942102,162.0,413,0.023511547595262527
118400,164,0.1,-504.4998425208032,98.0,1546,0.02614419348537922
118600,164,0.1,-756.3297971449792,63.0,2669,0.01939055696129799
118800,164,0.1,-1123.3196924887598,138.0,3775,0.02080836147069931
119000,165,0.1,-349.519951807335,95.0,879,0.022947192192077637
119200,165,0.1,-615.6398408282548,70.0,2003,0.035197485238313675
119400,165,0.1,-904.939707743004,83.0,3111,0.02197660133242607
119600,166,0.1,-192.269978730008,105.0,203,0.020246092230081558
119800,166,0.1,-453.58988782577217,80.0,1329,0.031217794865369797
120000,166,0.1,-758.7698084991425,103.0,2448,0.023067966103553772
120200,166,0.1,-1002.3797447364777,62.0,3538,0.025415897369384766
120400,167,0.1,-363.989861337468,168.0,650,0.015521460212767124
120600,167,0.1,-656.7697008531541,205.0,1763,0.021259186789393425
120800,167,0.1,-818.779469339177,116.0,2867,0.019251259043812752
121000,168,0.1,-93.33997651748359,67.0,29,0.015443075448274612
121200,168,0.1,-375.2697097938508,99.0,1119,0.0172443650662899
121400,168,0.1,-654.249475447461,139.0,2227,0.02576037123799324
121600,168,0.1,-898.2392167728394,145.0,3311,0.017058681696653366
121800,169,0.1,-380.77990024350584,260.0,413,0.01751866191625595
122000,169,0.1,-467.0997051503509,90.0,1543,0.0234083104878664
122200,169,0.1,-713.8294557835907,94.0,2670,0.016434403136372566
122400,169,0.1,-959.6291403081268,107.0,3781,0.011359517462551594
122600,170,0.1,-384.6596914436668,189.0,877,0.014709314331412315
122800,170,0.1,-600.2393585350364,180.0,1993,0.012308776378631592
123000,170,0.1,-726.198989501223,83.0,3103,0.017131686210632324
123200,171,0.1,-258.759928137064,193.0,198,0.007223064079880714
123400,171,0.1,-573.4495777189732,285.0,1320,0.010757476091384888
123600,171,0.1,-689.5192123949528,180.0,2442,0.021761562675237656
123800,171,0.1,-951.9288612902164,225.0,3536,0.01574617251753807
124000,172,0.1,-311.08977952226996,158.0,655,0.018670912832021713
124200,172,0.1,-513.1694942973554,128.0,1767,0.016727525740861893
124400,172,0.1,-699.3392168544233,64.0,2868,0.028248824179172516
124600,173,0.1,-69.81000262126327,36.0,28,0.01600225269794464
124800,173,0.1,-443.25987869128585,136.0,1119,0.015486287884414196
125000,173,0.1,-714.8297825418413,128.0,2221,0.0211113840341568
125200,173,0.1,-984.6896744333208,114.0,3319,0.018603553995490074
125400,174,0.1,-269.659953141585,131.0,424,0.019377337768673897
125600,174,0.1,-578.919777655974,160.0,1547,0.01629790849983692
125800,174,0.1,-764.7796523813158,71.0,2668,0.013247367925941944
126000,174,0.1,-1052.1495659593493,80.0,3783,0.022846419364213943
126200,175,0.1,-398.3799484334886,142.0,883,0.020742926746606827
126400,175,0.1,-649.879827555269,101.0,1998,0.027852244675159454
126600,175,0.1,-903.1797304712236,63.0,3111,0.012915825471282005
126800,176,0.1,-201.29998859018087,114.0,198,0.015731625258922577
127000,176,0.1,-495.4998973235488,119.0,1332,0.017565563321113586
127200,176,0.1,-779.6598127707839,113.0,2440,0.013471115380525589
127400,176,0.1,-1018.3497331961989,69.0,3541,0.024350492283701897
127600,177,0.1,-248.9699198268354,54.0,651,0.019673243165016174
127800,177,0.1,-569.0798312686384,91.0,1764,0.013627875596284866
128000,177,0.1,-923.5896908305585,166.0,2870,0.020199891179800034
128200,178,0.1,-86.06999319791794,51.0,31,0.01515931449830532
128400,178,0.1,-451.2298557162285,147.0,1114,0.014570740982890129
128600,178,0.1,-688.5996643900871,112.0,2217,0.009647153317928314
128800,178,0.1,-975.229486644268,146.0,3322,0.015306192450225353
129000,179,0.1,-226.75992389954627,89.0,420,0.012748317793011665
129200,179,0.1,-509.7696570996195,118.0,1545,0.012219846248626709
129400,179,0.1,-746.9494704846293,103.0,2664,0.011024595238268375
129600,179,0.1,-986.1992900017649,82.0,3780,0.009144984185695648
129800,180,0.1,-336.81985160522163,109.0,880,0.016425026580691338
130000,180,0.1,-625.4196536224335,130.0,1997,0.01120185386389494
130200,180,0.1,-867.7295257728547,109.0,3103,0.013989454135298729
130400,181,0.1,-145.98997579701245,58.0,201,0.013689082115888596
130600,181,0.1,-485.7599090207368,117.0,1322,0.011624271050095558
130800,181,0.1,-702.7898448575288,58.0,2446,0.012229254469275475
131000,181,0.1,-1055.2797654736787,129.0,3533,0.05897125229239464
131200,182,0.1,-283.3899113815278,88.0,654,0.013003019616007805
131400,182,0.1,-578.1198160331696,113.0,1767,0.012754746712744236
131600,182,0.1,-904.4696728866547,153.0,2875,0.04803679510951042
131800,183,0.1,-75.75000649318099,45.0,26,0.01163294818252325
132000,183,0.1,-453.2699287496507,147.0,1119,0.04678451642394066
132200,183,0.1,-635.4397991262376,43.0,2232,0.09881336241960526
132400,183,0.1,-1001.049681480974,133.0,3313,0.009567861445248127
132600,184,0.1,-209.65995889529586,71.0,416,0.021724043413996696
132800,184,0.1,-498.7098794542253,77.0,1547,0.052194952964782715
133000,184,0.1,-791.8698263727129,92.0,2668,0.016976580023765564
133200,184,0.1,-1060.9298043809831,79.0,3779,0.012038122862577438
133400,185,0.1,-366.03987246751785,106.0,882,0.01027306355535984
133600,185,0.1,-623.979757130146,85.0,1994,0.014678645879030228
133800,185,0.1,-903.5896316170692,86.0,3103,0.009437226690351963
134000,186,0.1,-190.7899837717414,101.0,197,0.08772233873605728
134200,186,0.1,-472.7398925051093,105.0,1317,0.015275761485099792
134400,186,0.1,-772.9297046884894,130.0,2453,0.014567363075911999
134600,186,0.1,-1053.1693792566657,185.0,3543,0.010441163554787636
134800,187,0.1,-325.3398014307022,167.0,653,0.010153395123779774
135000,187,0.1,-522.5895353555679,131.0,1773,0.013997696340084076
135200,187,0.1,-739.0891901254654,121.0,2866,0.009851185604929924
135400,188,0.1,-181.1199728474021,160.0,26,0.01808612421154976
135600,188,0.1,-408.62970270961523,144.0,1123,0.01146368496119976
135800,188,0.1,-549.8794561848044,58.0,2228,0.013886075466871262
136000,188,0.1,-926.1791984066367,203.0,3315,0.019535845145583153
136200,189,0.1,-294.489829774946,181.0,411,0.011371754109859467
136400,189,0.1,-449.299529787153,92.0,1541,0.015749072656035423
136600,189,0.1,-686.9393207989633,75.0,2667,0.010008048266172409
136800,189,0.1,-959.6691997013986,87.0,3775,0.008932089433073997
137000,190,0.1,-352.7598740141839,113.0,883,0.01119974348694086
137200,190,0.1,-607.9696656744927,107.0,1993,0.008976778015494347
137400,190,0.1,-902.06954732351,147.0,3103,0.008866023272275925
137600,191,0.1,-152.11997368745506,71.0,202,0.010228395462036133
137800,191,0.1,-508.9697776120156,176.0,1320,0.014432616531848907
138000,191,0.1,-665.4495387356728,80.0,2450,0.01441906113177538
138200,191,0.1,-974.8594179432839,130.0,3544,0.009031666442751884
138400,192,0.1,-277.94990762509406,96.0,649,0.01478731818497181
138600,192,0.1,-556.7697454337031,123.0,1770,0.011245843023061752
138800,192,0.1,-829.0295668486506,130.0,2865,0.008846125565469265
139000,193,0.1,-63.0900058709085,36.0,30,0.01033518835902214
139200,193,0.1,-427.06977462396026,158.0,1120,0.017161160707473755
139400,193,0.1,-629.0095558129251,102.0,2228,0.01282249391078949
139600,193,0.1,-912.9693741761148,133.0,3313,0.01661699265241623
139800,194,0.1,-238.77985172905028,115.0,421,0.009383841417729855
140000,194,0.1,-482.3296278063208,95.0,1541,0.018140438944101334
140200,194,0.1,-756.2294323984534,116.0,2660,0.018851593136787415
140400,194,0.1,-1050.289215380326,152.0,3776,0.010566753335297108
140600,195,0.1,-434.59979635477066,206.0,886,0.016476165503263474
140800,195,0.1,-569.629615843296,83.0,1995,0.01358767505735159
141000,195,0.1,-966.4995198845863,224.0,3101,0.018374793231487274
141200,196,0.1,-182.79996013268828,106.0,199,0.012865344993770123
141400,196,0.1,-453.2698316536844,114.0,1321,0.015035317279398441
141600,196,0.1,-747.9697017632425,136.0,2452,0.015559644438326359
141800,196,0.1,-1094.6795749627054,232.0,3540,0.1358310729265213
142000,197,0.1,-311.93988224491477,129.0,653,0.01654217205941677
142200,197,0.1,-556.7696444652975,126.0,1773,0.018977444618940353
142400,197,0.1,-843.4995157383382,152.0,2863,0.023454565554857254
142600,198,0.1,-96.19999125413597,68.0,25,0.01718767359852791
142800,198,0.1,-372.4098410885781,83.0,1113,0.012992351315915585
143000,198,0.1,-661.6197362225503,102.0,2224,0.024772780016064644
143200,198,0.1,-904.829572705552,87.0,3315,0.04653199389576912
143400,199,0.1,-247.0798985362053,120.0,417,0.01578989252448082
143600,199,0.1,-517.679739177227,138.0,1537,0.09052953124046326
143800,199,0.1,-718.6196300387383,78.0,2668,0.009976710192859173
144000,199,0.1,-1004.0893885493279,113.0,3780,0.014187926426529884
144200,200,0.1,-316.9898231904954,85.0,886,0.016370613127946854
144400,200,0.1,-544.5997770708054,40.0,1999,0.012125909328460693
144600,200,0.1,-881.4096454065293,106.0,3109,0.030326101928949356
144800,201,0.1,-222.6899922452867,129.0,195,0.009823184460401535
145000,201,0.1,-475.96983557567,104.0,1326,0.017158301547169685
145200,201,0.1,-737.4697435460985,94.0,2451,0.010567129589617252
145400,201,0.1,-1065.9496524892747,149.0,3537,0.01786806806921959
145600,202,0.1,-287.9199046175927,88.0,651,0.025934983044862747
145800,202,0.1,-606.0398296397179,121.0,1772,0.013709969818592072
146000,202,0.1,-832.9196650069207,75.0,2864,0.011604804545640945
146200,203,0.1,-98.06000011973083,71.0,29,0.00901828333735466
146400,203,0.1,-478.07990330271423,165.0,1117,0.04673633724451065
146600,203,0.1,-685.0697900634259,89.0,2227,0.012591186910867691
146800,203,0.1,-967.1797243934125,91.0,3313,0.014208311215043068
147000,204,0.1,-230.34997159056365,91.0,425,0.015131045132875443
147200,204,0.1,-474.5698438268155,63.0,1549,0.008665629662573338
147400,204,0.1,-801.0797429662198,119.0,2662,0.02566227689385414
147600,204,0.1,-1033.7195892911404,76.0,3780,0.01644279807806015
147800,205,0.1,-372.7499187774956,123.0,882,0.01252234261482954
148000,205,0.1,-629.5498522110283,102.0,2000,0.06624022126197815
148200,205,0.1,-927.7197998352349,117.0,3111,0.02214619517326355
148400,206,0.1,-205.31991663575172,132.0,196,0.02333557792007923
148600,206,0.1,-492.2797648012638,163.0,1323,0.015760792419314384
148800,206,0.1,-687.4995895922184,104.0,2439,0.015185549855232239
149000,206,0.1,-887.6893993914127,59.0,3537,0.009350323118269444
149200,207,0.1,-325.8998339995742,160.0,645,0.012944077141582966
149400,207,0.1,-628.5796964988112,221.0,1765,0.11500906199216843
149600,207,0.1,-746.1694906577468,85.0,2865,0.015435073524713516
149800,208,0.1,-86.87998899631202,57.0,26,0.020782727748155594
150000,208,0.1,-352.1597798746079,74.0,1117,0.021390773355960846
150200,208,0.1,-617.0895236413926,89.0,2221,0.013173067010939121
150400,208,0.1,-892.169337598607,114.0,3312,0.018404018133878708
150600,209,0.1,-257.2598677240312,139.0,419,0.010743413120508194
150800,209,0.1,-539.8396063409746,185.0,1542,0.011196443811058998
151000,209,0.1,-693.3894382081926,78.0,2667,0.014480313286185265
151200,209,0.1,-1004.5992217622697,131.0,3779,0.017007868736982346
151400,210,0.1,-296.7997672557831,79.0,882,0.014847783371806145
151600,210,0.1,-610.7095777988434,141.0,1995,0.01119876466691494
151800,210,0.1,-799.76935505867,81.0,3107,0.03458154946565628
152000,211,0.1,-178.42990385182202,110.0,199,0.02478072978556156
152200,211,0.1,-444.729694949463,127.0,1326,0.05683735013008118
152400,211,0.1,-713.2495342362672,132.0,2442,0.013890746049582958
152600,211,0.1,-990.1894541848451,124.0,3537,0.016449395567178726
152800,212,0.1,-261.5999505519867,57.0,658,0.015751570463180542
153000,212,0.1,-603.3798749446869,107.0,1763,0.008434430696070194
153200,212,0.1,-882.5198028087616,106.0,2865,0.017483476549386978
153400,213,0.1,-92.50999408587813,62.0,27,0.018365930765867233
153600,213,0.1,-405.48993903025985,91.0,1121,0.011755811050534248
153800,213,0.1,-664.7398961149156,63.0,2228,0.015585703775286674
154000,213,0.1,-1014.6997759900987,133.0,3315,0.023352649062871933
154200,214,0.1,-269.0599983930588,122.0,422,0.01727616973221302
154400,214,0.1,-547.7199009656906,130.0,1548,0.015412948094308376
154600,214,0.1,-786.4797161817551,93.0,2660,0.013753723353147507
154800,214,0.1,-1115.5595396757126,151.0,3781,0.007360317278653383
155000,215,0.1,-341.2698438167572,95.0,881,0.0262018833309412
155200,215,0.1,-564.1597170829773,52.0,1996,0.012259623035788536
155400,215,0.1,-863.099531173706,96.0,3114,0.008217070251703262
155600,216,0.1,-203.01995655708015,124.0,199,0.014347713440656662
155800,216,0.1,-493.1797687690705,145.0,1326,0.009172068908810616
156000,216,0.1,-685.0395939033478,65.0,2451,0.01317137572914362
156200,216,0.1,-1001.0993783157319,126.0,3539,0.023106267675757408
156400,217,0.1,-284.359777091071,101.0,644,0.017095671966671944
156600,217,0.1,-589.1494766455144,181.0,1759,0.009585279040038586
156800,217,0.1,-741.5191806536168,103.0,2866,0.007714346516877413
157000,218,0.1,-104.10997739061713,82.0,28,0.007909727282822132
157200,218,0.1,-351.7597090266645,100.0,1119,0.011515185236930847
157400,218,0.1,-629.4193808101118,152.0,2220,0.012100470252335072
157600,218,0.1,-869.0590831302106,170.0,3310,0.017399949952960014
157800,219,0.1,-291.6398520767689,187.0,413,0.007284540683031082
158000,219,0.1,-417.3795466721058,86.0,1543,0.013039904646575451
158200,219,0.1,-650.4991598427296,106.0,2663,0.0070678917691111565
158400,219,0.1,-868.3889327347279,79.0,3785,0.009197186678647995
158600,220,0.1,-276.50980952195823,48.0,890,0.011066600680351257
158800,220,0.1,-635.2697024624795,149.0,2003,0.009348612278699875
159000,220,0.1,-921.9795632641762,179.0,3112,0.009327652864158154
159200,221,0.1,-180.2199808359146,106.0,201,0.008760304190218449
159400,221,0.1,-440.68981659412384,101.0,1326,0.02524121105670929
159600,221,0.1,-719.2497059106827,120.0,2441,0.01262638159096241
159800,221,0.1,-949.4695521593094,102.0,3542,0.012105378322303295
160000,222,0.1,-319.8699252847582,139.0,655,0.008270075544714928
160200,222,0.1,-516.629741454497,81.0,1766,0.023656673729419708
160400,222,0.1,-837.1896252874285,124.0,2863,0.02639305219054222
160600,223,0.1,-111.56998538225889,81.0,24,0.012316331267356873
160800,223,0.1,-415.79990576952696,108.0,1117,0.009204011410474777
161000,223,0.1,-690.269796602428,102.0,2221,0.011172052472829819
161200,223,0.1,-973.2496693059802,110.0,3319,0.01629129983484745
161400,224,0.1,-285.9698959197849,151.0,423,0.008257603272795677
161600,224,0.1,-470.18969162367284,75.0,1546,0.017399312928318977
161800,224,0.1,-713.5394705142826,50.0,2668,0.02450357936322689
162000,224,0.1,-982.2992647495121,52.0,3778,0.019355876371264458
162200,225,0.1,-350.32988387160003,101.0,880,0.017440326511859894
162400,225,0.1,-656.1997469048947,127.0,1997,0.01708037033677101
162600,225,0.1,-893.1896479707211,87.0,3109,0.02220192551612854
162800,226,0.1,-194.70001008175313,102.0,199,0.02689654752612114
163000,226,0.1,-496.4698198046535,129.0,1322,0.014007030986249447
163200,226,0.1,-831.5796225275844,187.0,2450,0.0229256059974432
163400,226,0.1,-1053.8195054735988,118.0,3537,0.01792978122830391
163600,227,0.1,-334.61992826871574,126.0,656,0.1188020184636116
163800,227,0.1,-568.3198217432946,72.0,1770,0.014470401220023632
164000,227,0.1,-969.9096883814782,181.0,2860,0.031265974044799805
164200,228,0.1,-87.96999039873481,61.0,28,0.021247897297143936
164400,228,0.1,-408.48988261446357,82.0,1124,0.018416883423924446
164600,228,0.1,-698.4197801612318,101.0,2224,0.05202709883451462
164800,228,0.1,-1010.1897105239332,147.0,3316,0.03012516163289547
165000,229,0.1,-276.9799445234239,137.0,418,0.02061224728822708
165200,229,0.1,-505.94981985911727,93.0,1548,0.017284896224737167
165400,229,0.1,-797.3197107873857,109.0,2663,0.019117310643196106
165600,229,0.1,-1112.2895670495927,160.0,3776,0.01836206763982773
165800,230,0.1,-365.12993254326284,129.0,881,0.02639656886458397
166000,230,0.1,-549.4696821179241,47.0,1995,0.02263937145471573
166200,230,0.1,-862.3695715870708,95.0,3110,0.017364980652928352
166400,231,0.1,-163.26999869383872,76.0,196,0.015094405971467495
166600,231,0.1,-582.7598678115755,229.0,1322,0.018023137003183365
166800,231,0.1,-705.3397380355746,82.0,2442,0.022453464567661285
167000,231,0.1,-953.7696396354586,67.0,3543,0.01579369604587555
167200,232,0.1,-317.78988655656576,123.0,652,0.04591198265552521
167400,232,0.1,-585.9397402629256,124.0,1771,0.13325029611587524
167600,232,0.1,-867.249582849443,139.0,2865,0.0230485238134861
167800,233,0.1,-117.17997765354812,90.0,31,0.02287711575627327
168000,233,0.1,-377.64978623203933,88.0,1124,0.02745942398905754
168200,233,0.1,-651.4496304970235,99.0,2228,0.024478908628225327
168400,233,0.1,-941.7494647484273,107.0,3313,0.021028000861406326
168600,234,0.1,-321.0599214117974,189.0,423,0.02235957607626915
168800,234,0.1,-523.499732164666,114.0,1549,0.017870325595140457
169000,234,0.1,-782.7995394747704,103.0,2666,0.02074209414422512
169200,234,0.1,-1092.749329952523,144.0,3781,0.011101067997515202
169400,235,0.1,-336.68985783681273,96.0,884,0.010470963083207607
169600,235,0.1,-643.3197396956384,132.0,2000,0.012385699898004532
169800,235,0.1,-920.8196018896997,135.0,3105,0.015402262099087238
170000,236,0.1,-211.9299617689103,127.0,199,0.027661018073558807
170200,236,0.1,-462.59976109676063,102.0,1322,0.011262965388596058
170400,236,0.1,-746.8795424383134,129.0,2439,0.010542822070419788
170600,236,0.1,-1009.3794217985123,117.0,3537,0.011577052995562553
170800,237,0.1,-264.6198757253587,83.0,647,0.01616450771689415
171000,237,0.1,-549.6297422014177,102.0,1770,0.014589367434382439
171200,237,0.1,-832.409573610872,123.0,2870,0.017560293897986412
171400,238,0.1,-118.7299722339958,92.0,29,0.022685658186674118
171600,238,0.1,-391.3998006489128,113.0,1118,0.016125423833727837
171800,238,0.1,-643.5695928242058,103.0,2223,0.009584772400557995
172000,238,0.1,-914.4894887115806,102.0,3313,0.010602247901260853
172200,239,0.1,-200.1399220470339,73.0,420,0.01326631847769022
172400,239,0.1,-472.55974283255637,96.0,1549,0.021834060549736023
172600,239,0.1,-787.789423847571,182.0,2662,0.011022893711924553
172800,239,0.1,-987.9891284946352,153.0,3777,0.012237949296832085
173000,240,0.1,-308.7497720681131,104.0,876,0.01193592231720686
173200,240,0.1,-560.5394692383707,125.0,1995,0.009061632677912712
173400,240,0.1,-847.479128357023,184.0,3106,0.008992623537778854
173600,241,0.1,-300.9998975992203,235.0,197,0.012896752916276455
173800,241,0.1,-416.2195566892624,129.0,1320,0.009788097813725471
174000,241,0.1,-662.2592109441757,151.0,2446,0.046462468802928925
174200,241,0.1,-879.9689382314682,142.0,3532,0.012916487641632557
174400,242,0.1,-229.9398540817201,59.0,650,0.01681496761739254
174600,242,0.1,-571.3796815238893,135.0,1767,0.012659196741878986
174800,242,0.1,-778.8894414268434,81.0,2860,0.017005665227770805
175000,243,0.1,-107.8699946925044,77.0,28,0.014571884647011757
175200,243,0.1,-410.1398249194026,121.0,1121,0.01702524907886982
175400,243,0.1,-645.7596183344722,88.0,2230,0.009559964761137962
175600,243,0.1,-841.3694825693965,29.0,3315,0.009441424161195755
175800,244,0.1,-241.96992412023246,122.0,424,0.009889156557619572
176000,244,0.1,-579.9197417777032,200.0,1544,0.011758602224290371
176200,244,0.1,-810.6595415156335,162.0,2662,0.030340954661369324
176400,244,0.1,-993.0193103831261,80.0,3776,0.008103198371827602
176600,245,0.1,-349.40983485616744,108.0,884,0.009754162281751633
176800,245,0.1,-617.8196904603392,111.0,1998,0.03683001920580864
177000,245,0.1,-899.589552635327,109.0,3105,0.010539578273892403
177200,246,0.1,-175.57996016554534,92.0,198,0.007653838023543358
177400,246,0.1,-433.6398561578244,77.0,1325,0.01891792193055153
177600,246,0.1,-748.1596811395139,128.0,2449,0.01187986321747303
177800,246,0.1,-957.629531679675,63.0,3537,0.009106812067329884
178000,247,0.1,-296.6298826895654,104.0,651,0.01008600927889347
178200,247,0.1,-556.5296739302576,102.0,1763,0.015433816239237785
178400,247,0.1,-813.8295162878931,77.0,2870,0.025610990822315216
178600,248,0.1,-74.94998508691788,49.0,29,0.041278351098299026
178800,248,0.1,-380.9997430443764,111.0,1112,0.01272727269679308
179000,248,0.1,-661.6495452523232,141.0,2229,0.021636759862303734
179200,248,0.1,-913.7393060326576,138.0,3318,0.015360887162387371
179400,249,0.1,-218.24989291839302,93.0,423,0.02191375195980072
179600,249,0.1,-522.2796959560364,136.0,1542,0.015855714678764343
179800,249,0.1,-673.3994884174317,32.0,2666,0.014731297269463539
180000,249,0.1,-1050.4792575519532,156.0,3784,0.02223772555589676
180200,250,0.1,-357.9799148403108,125.0,878,0.020514653995633125
180400,250,0.1,-564.5797788463533,64.0,1996,0.025563646107912064
180600,250,0.1,-838.2496575675905,56.0,3109,0.03154036030173302
180800,251,0.1,-243.30997422151268,154.0,202,0.016152407974004745
181000,251,0.1,-472.11988118104637,106.0,1320,0.022931167855858803
181200,251,0.1,-734.8197741787881,90.0,2452,0.011963740922510624
181400,251,0.1,-1009.7696571629494,93.0,3539,0.018175430595874786
181600,252,0.1,-336.7499496638775,126.0,648,0.015164386481046677
181800,252,0.1,-615.4998509585857,125.0,1764,0.04104948416352272
182000,252,0.1,-879.0398099124432,112.0,2862,0.012362201698124409
182200,253,0.1,-93.91000434570014,58.0,30,0.017105313017964363
182400,253,0.1,-335.2198271434754,39.0,1121,0.019075118005275726
182600,253,0.1,-638.719720331952,53.0,2227,0.018358878791332245
182800,253,0.1,-963.6596102397889,105.0,3316,0.01503063179552555
183000,254,0.1,-250.85993006452918,111.0,431,0.018150510266423225
183200,254,0.1,-563.0597894452512,143.0,1544,0.023846950381994247
183400,254,0.1,-806.2896068356931,118.0,2661,0.015114041045308113
183600,254,0.1,-1063.4394924901426,102.0,3785,0.014246172271668911
183800,255,0.1,-409.8699198346585,154.0,876,0.01864013820886612
184000,255,0.1,-614.0997474770993,78.0,1990,0.018400706350803375
184200,255,0.1,-947.4695780854672,148.0,3107,0.019254544749855995
184400,256,0.1,-228.47989377193153,156.0,197,0.009895644150674343
184600,256,0.1,-437.48954257182777,120.0,1330,0.014788287691771984
184800,256,0.1,-724.0593198221177,145.0,2449,0.011317376047372818
185000,256,0.1,-1027.6090820711106,200.0,3536,0.04818005487322807
185200,257,0.1,-295.89983862265944,118.0,652,0.019198566675186157
185400,257,0.1,-575.4295331798494,156.0,1765,0.01011514849960804
185600,257,0.1,-779.3592652641237,104.0,2874,0.027892781421542168
185800,258,0.1,-196.3499691169709,168.0,26,0.011490261182188988
186000,258,0.1,-422.1896588485688,147.0,1121,0.015632711350917816
186200,258,0.1,-624.0693127792329,103.0,2217,0.02037143148481846
186400,258,0.1,-900.8690173309296,132.0,3317,0.023772211745381355
186600,259,0.1,-223.17995082959533,91.0,417,0.010051908902823925
186800,259,0.1,-482.229802723974,88.0,1542,0.014230668544769287
187000,259,0.1,-746.4696613512933,76.0,2665,0.013281198218464851
187200,259,0.1,-983.6595026217401,38.0,3778,0.01707412302494049
187400,260,0.1,-358.3998509924859,128.0,890,0.01223033294081688
187600,260,0.1,-614.4396659415215,121.0,2000,0.018081873655319214
187800,260,0.1,-872.0195032637566,106.0,3114,0.0213908851146698
188000,261,0.1,-159.3799651544541,71.0,199,0.01536649838089943
188200,261,0.1,-473.2097605150193,122.0,1326,0.02255469746887684
188400,261,0.1,-676.3396404664963,53.0,2447,0.014034629799425602
188600,261,0.1,-1109.2194908540696,201.0,3541,0.03398218750953674
188800,262,0.1,-325.2599124237895,126.0,659,0.009409507736563683
189000,262,0.1,-583.3897780701518,103.0,1771,0.28285425901412964
189200,262,0.1,-913.8996462151408,157.0,2867,0.021364379674196243
189400,263,0.1,-90.26999418623745,57.0,32,0.02049451507627964
189600,263,0.1,-475.949853586033,174.0,1124,0.012637266889214516
189800,263,0.1,-734.3196140993387,157.0,2223,0.01549936830997467
190000,263,0.1,-950.5794915426522,108.0,3315,0.015255489386618137
190200,264,0.1,-235.2299294155091,99.0,422,0.019764013588428497
190400,264,0.1,-494.66983213834465,72.0,1540,0.014793372713029385
190600,264,0.1,-760.4997002761811,66.0,2661,0.0176223274320364
190800,264,0.1,-1058.1995165031403,91.0,3778,0.028788438066840172
191000,265,0.1,-400.0598640087992,157.0,888,0.018406178802251816
191200,265,0.1,-629.3797547463328,106.0,2001,0.0399942472577095
191400,265,0.1,-876.1795680169016,90.0,3111,0.017781710252165794
191600,266,0.1,-201.44994607195258,117.0,193,0.01256517693400383
191800,266,0.1,-468.2097708247602,117.0,1329,0.023512525483965874
192000,266,0.1,-728.9896720908582,101.0,2449,0.021484889090061188
192200,266,0.1,-1014.1195606254041,105.0,3538,0.042724207043647766
192400,267,0.1,-469.9398262333125,293.0,645,0.014297164976596832
192600,267,0.1,-759.5594484638423,356.0,1759,0.00798929575830698
192800,267,0.1,-850.8891327213496,231.0,2859,0.010157391428947449
193000,268,0.1,-119.08997803553939,98.0,29,0.05179973319172859
193200,268,0.1,-386.86963563784957,143.0,1114,0.1277035027742386
193400,268,0.1,-621.2992921434343,150.0,2224,0.013430166989564896
193600,268,0.1,-883.7889099679887,191.0,3310,0.0061081028543412685
193800,269,0.1,-301.7798159699887,190.0,412,0.006068763788789511
194000,269,0.1,-461.60947924666107,120.0,1536,0.011522656306624413
194200,269,0.1,-769.6291626077145,205.0,2667,0.006696858908981085
194400,269,0.1,-981.4887989144772,184.0,3772,0.009961104020476341
194600,270,0.1,-348.77975886687636,138.0,882,0.009865155443549156
194800,270,0.1,-552.9194583259523,104.0,1994,0.01161271333694458
195000,270,0.1,-814.9191908203065,126.0,3102,0.014716346748173237
195200,271,0.1,-225.92992785014212,153.0,196,0.012586256489157677
195400,271,0.1,-498.99963285960257,190.0,1333,0.007660326082259417
195600,271,0.1,-705.319413209334,164.0,2448,0.008792189881205559
195800,271,0.1,-925.6790704969317,156.0,3536,0.020448356866836548
196000,272,0.1,-279.619837641716,110.0,655,0.016030309721827507
196200,272,0.1,-555.3095215559006,154.0,1767,0.011120093055069447
196400,272,0.1,-816.7693160772324,152.0,2863,0.016860660165548325
196600,273,0.1,-136.70000565052032,101.0,32,0.0992647185921669
196800,273,0.1,-447.44998037815094,102.0,1117,0.02106557786464691
197000,273,0.1,-783.589951634407,131.0,2231,0.02731487713754177
197200,273,0.1,-1040.3798407316208,100.0,3320,0.01757214218378067
197400,274,0.1,-244.81999677233398,95.0,421,0.020844407379627228
197600,274,0.1,-547.5398709159344,106.0,1548,0.011689062230288982
197800,274,0.1,-842.6497818809003,103.0,2666,0.043670929968357086
198000,274,0.1,-1141.0196186881512,102.0,3772,0.0177605040371418
198200,275,0.1,-371.9099555462599,93.0,880,0.018987730145454407
198400,275,0.1,-660.7898793667555,97.0,1998,0.024828439578413963
198600,275,0.1,-920.5697713345289,98.0,3105,0.02230261266231537
198800,276,0.1,-216.4599737804383,136.0,194,0.02970993146300316
199000,276,0.1,-500.5097441356629,167.0,1324,0.022700991481542587
199200,276,0.1,-747.7095079105347,149.0,2451,0.01945112645626068
199400,276,0.1,-997.0593003910035,148.0,3534,0.014900513924658298
199600,277,0.1,-250.6898912154138,73.0,655,0.018722835928201675
199800,277,0.1,-571.6597079001367,136.0,1765,0.019134510308504105
200000,277,0.1,-923.3094302378595,237.0,2861,0.01689995266497135
200200,278,0.1,-122.45998265780509,96.0,23,0.021587198600172997
200400,278,0.1,-377.65968110598624,113.0,1123,0.022426243871450424
200600,278,0.1,-606.7993581537157,107.0,2220,0.017559003084897995
200800,278,0.1,-945.8590672258288,215.0,3319,0.009825189597904682
201000,279,0.1,-237.29987510852516,117.0,420,0.025411412119865417
201200,279,0.1,-501.5495594423264,139.0,1546,0.022065622732043266
201400,279,0.1,-728.8492682855576,117.0,2667,0.014601679518818855
201600,279,0.1,-1034.4289773385972,186.0,3777,0.011021867394447327
201800,280,0.1,-331.3996594827622,110.0,876,0.011463097296655178
202000,280,0.1,-560.2693198602647,101.0,1992,0.019973933696746826
202200,280,0.1,-780.4990232866257,83.0,3101,0.011417880654335022
202400,281,0.1,-192.129945397377,121.0,203,0.013348082080483437
202600,281,0.1,-487.70973694324493,156.0,1318,0.012375768274068832
202800,281,0.1,-711.4494911432266,135.0,2446,0.011188490316271782
203000,281,0.1,-945.8393224477768,117.0,3535,0.014606633223593235
203200,282,0.1,-294.07979681901634,125.0,652,0.01401243731379509
203400,282,0.1,-560.1395631115884,145.0,1764,0.014617294073104858
203600,282,0.1,-921.4093389790505,260.0,2863,0.01849672757089138
203800,283,0.1,-136.86999785527587,106.0,27,0.022115003317594528
204000,283,0.1,-442.8697456084192,169.0,1119,0.016672320663928986
204200,283,0.1,-654.2195876799524,127.0,2226,0.017662618309259415
204400,283,0.1,-860.3193992339075,82.0,3313,0.018716366961598396
204600,284,0.1,-309.73993632011116,176.0,413,0.025953607633709908
204800,284,0.1,-477.32984062843025,66.0,1549,0.0134337292984128
205000,284,0.1,-720.9795684497803,44.0,2665,0.023372266441583633
205200,284,0.1,-1076.5493697803468,132.0,3784,0.015083197504281998
205400,285,0.1,-378.01986631192267,134.0,888,0.028573404997587204
205600,285,0.1,-610.8597238902003,93.0,1989,0.012409983202815056
205800,285,0.1,-863.8694980982691,83.0,3103,0.07677000761032104
206000,286,0.1,-146.63990193605423,72.0,196,0.0166984423995018
206200,286,0.1,-468.32970505952835,117.0,1327,0.01997017301619053
206400,286,0.1,-748.3394854664803,143.0,2452,0.012304702773690224
206600,286,0.1,-983.0292471051216,140.0,3538,0.011719283647835255
206800,287,0.1,-303.77987199649215,135.0,652,0.010695668868720531
207000,287,0.1,-530.9996176324785,117.0,1763,0.009974753484129906
207200,287,0.1,-733.6693897806108,80.0,2863,0.014597686007618904
207400,288,0.1,-120.07998448424041,95.0,30,0.0110864769667387
207600,288,0.1,-378.1297290902585,115.0,1118,0.0119402464479208
207800,288,0.1,-675.2494834046811,169.0,2226,0.014819582924246788
208000,288,0.1,-829.5592363458127,87.0,3321,0.010075317695736885
208200,289,0.1,-234.95990862697363,108.0,418,0.019977735355496407
208400,289,0.1,-494.0496613010764,115.0,1549,0.012252035550773144
208600,289,0.1,-763.0594712719321,115.0,2668,0.022187113761901855
208800,289,0.1,-990.7093216404319,80.0,3780,0.07881655544042587
209000,290,0.1,-345.9799084030092,104.0,885,0.15417563915252686
209200,290,0.1,-616.2497581802309,104.0,2000,0.013696478679776192
209400,290,0.1,-865.1596724353731,89.0,3104,0.0128050297498703
209600,291,0.1,-149.04996806010604,61.0,203,0.01577342487871647
209800,291,0.1,-431.9098194204271,81.0,1322,0.010133756324648857
210000,291,0.1,-704.7696436010301,85.0,2454,0.009571904316544533
210200,291,0.1,-1008.7495084367692,120.0,3543,0.009942627511918545
210400,292,0.1,-322.23994755372405,130.0,656,0.010433059185743332
210600,292,0.1,-595.2598993740976,141.0,1768,0.08057907968759537
210800,292,0.1,-822.4496955834329,99.0,2870,0.03568234294652939
211000,293,0.1,-95.28998753242195,70.0,28,0.010772254317998886
211200,293,0.1,-414.2697424571961,135.0,1121,0.00975704938173294
211400,293,0.1,-655.2595734279603,111.0,2228,0.01126821804791689
211600,293,0.1,-967.8194465320557,161.0,3316,0.016096318140625954
211800,294,0.1,-192.09996321611106,58.0,418,0.012229629792273045
212000,294,0.1,-488.23981025628746,83.0,1542,0.0329027958214283
212200,294,0.1,-852.7097032349557,182.0,2662,0.011747480370104313
212400,294,0.1,-1036.1795308869332,112.0,3780,0.013299526646733284
212600,295,0.1,-331.97984796762466,99.0,884,0.011797033250331879
212800,295,0.1,-633.0195749402046,149.0,1994,0.016657812520861626
213000,295,0.1,-826.8894093632698,81.0,3105,0.022345298901200294
213200,296,0.1,-173.18996392935514,96.0,203,0.008973456919193268
213400,296,0.1,-469.5897504016757,141.0,1325,0.026288552209734917
213600,296,0.1,-719.4595395252109,123.0,2441,0.014765216037631035
213800,296,0.1,-942.2993980571628,99.0,3543,0.007944674231112003
214000,297,0.1,-270.95990150794387,90.0,646,0.00828323233872652
214200,297,0.1,-551.9097289405763,120.0,1768,0.012001427821815014
214400,297,0.1,-806.3195971809328,94.0,2868,0.018948348239064217
214600,298,0.1,-97.19001105055213,68.0,26,0.021374953910708427
214800,298,0.1,-415.7798700593412,103.0,1112,0.013975215144455433
215000,298,0.1,-716.5797243379056,120.0,2235,0.017138494178652763
215200,298,0.1,-982.4796102307737,103.0,3313,0.014974466525018215
215400,299,0.1,-374.64994048140943,235.0,416,0.010920010507106781
215600,299,0.1,-532.6498045828193,120.0,1546,0.01331985741853714
215800,299,0.1,-763.8697140123695,73.0,2672,0.012193936854600906
216000,299,0.1,-1069.7596423532814,98.0,3782,0.019395960494875908
216200,300,0.1,-355.8099361937493,103.0,886,0.014642938040196896
216400,300,0.1,-628.5698257964104,103.0,1997,0.02027203142642975
216600,300,0.1,-978.7897013705224,187.0,3106,0.03333735093474388
216800,301,0.1,-269.83998896740377,191.0,194,0.06403559446334839
217000,301,0.1,-459.7398245539516,107.0,1323,0.012606054544448853
217200,301,0.1,-719.3497078623623,97.0,2444,0.01457865722477436
217400,301,0.1,-1014.1795165743679,126.0,3543,0.010249891318380833
217600,302,0.1,-333.95988932065666,147.0,651,0.017518160864710808
217800,302,0.1,-605.6496881525964,154.0,1762,0.017881175503134727
218000,302,0.1,-899.1395300906152,181.0,2866,0.011237839236855507
218200,303,0.1,-110.03998270072043,81.0,29,0.022334175184369087
218400,303,0.1,-345.0298046115786,51.0,1120,0.023453738540410995
218600,303,0.1,-655.0497149471194,90.0,2228,0.013431794010102749
218800,303,0.1,-972.2095297817141,135.0,3321,0.019480068236589432
219000,304,0.1,-316.0999599099159,185.0,415,0.01606355607509613
219200,304,0.1,-507.14978843927383,111.0,1543,0.012888547964394093
219400,304,0.1,-756.8996244072914,96.0,2658,0.01003949623554945
219600,304,0.1,-1027.8394857048988,109.0,3767,0.01608736626803875
219800,305,0.1,-341.82994654774666,97.0,880,0.01570172607898712
220000,305,0.1,-614.479739934206,107.0,1996,0.09017004072666168
220200,305,0.1,-932.0196168720722,151.0,3105,0.018087094649672508
220400,306,0.1,-167.2300287745893,76.0,203,0.03395920991897583
220600,306,0.1,-532.9599191211164,157.0,1331,0.011623375117778778
220800,306,0.1,-768.7298280261457,112.0,2444,0.013861700892448425
221000,306,0.1,-1072.1497658751905,127.0,3549,0.011630778200924397
221200,307,0.1,-278.61993378028274,58.0,648,0.014310038648545742
221400,307,0.1,-649.1798827014863,139.0,1763,0.017743190750479698
221600,307,0.1,-881.9098102413118,84.0,2870,0.02881532534956932
221800,308,0.1,-120.7700127363205,80.0,25,0.02141408994793892
222000,308,0.1,-421.60989701747894,101.0,1120,0.04260662570595741
222200,308,0.1,-668.4697760343552,64.0,2230,0.016258133575320244
222400,308,0.1,-972.4696601629257,83.0,3319,0.013400645926594734
222600,309,0.1,-261.29988265037537,135.0,420,0.009401429444551468
222800,309,0.1,-453.8097333908081,69.0,1546,0.018916964530944824
223000,309,0.1,-750.9995093345642,112.0,2659,0.015860384330153465
223200,309,0.1,-1045.219304561615,149.0,3773,0.029285278171300888
223400,310,0.1,-420.679824590683,191.0,872,0.017107032239437103
223600,310,0.1,-597.1596462726593,109.0,1998,0.010769510641694069
223800,310,0.1,-803.5894939899445,64.0,3111,0.01015648152679205
224000,311,0.1,-178.52000694535673,89.0,200,0.028617292642593384
224200,311,0.1,-457.199805309996,102.0,1330,0.01748623698949814
224400,311,0.1,-758.609644940123,141.0,2447,0.011240162886679173
224600,311,0.1,-1005.7995026614517,131.0,3540,0.010937891900539398
224800,312,0.1,-293.9898894391954,113.0,655,0.015262064523994923
225000,312,0.1,-516.1096871457994,77.0,1762,0.008744056336581707
225200,312,0.1,-813.4695890508592,113.0,2868,0.014147953130304813
225400,313,0.1,-74.74000072106719,49.0,25,0.010076059959828854
225600,313,0.1,-363.03984832391143,82.0,1119,0.010955005884170532
225800,313,0.1,-614.0496454201639,70.0,2220,0.011558948084712029
226000,313,0.1,-902.4195210896432,107.0,3315,0.010682323947548866
226200,314,0.1,-210.83987858891487,93.0,418,0.011644690297544003
226400,314,0.1,-471.0397565662861,88.0,1546,0.008982459083199501
226600,314,0.1,-736.9596488773823,100.0,2664,0.01866508275270462
226800,314,0.1,-989.2194562256336,90.0,3778,0.01134888082742691
227000,315,0.1,-334.4298448842019,101.0,882,0.01833498477935791
227200,315,0.1,-599.5496855061501,111.0,1997,0.006442186422646046
227400,315,0.1,-853.4995713513345,111.0,3106,0.020678937435150146
227600,316,0.1,-199.35995309986174,124.0,204,0.03489161655306816
227800,316,0.1,-432.9997517410666,112.0,1324,0.015117366798222065
228000,316,0.1,-676.3196312729269,93.0,2447,0.012913243845105171
228200,316,0.1,-933.8994862381369,99.0,3545,0.009406594559550285
228400,317,0.1,-338.5999082028866,161.0,648,0.011746054515242577
228600,317,0.1,-591.3297279775143,165.0,1769,0.005654180888086557
228800,317,0.1,-797.6794775426388,121.0,2867,0.02137877233326435
229000,318,0.1,-84.09998392313719,61.0,27,0.005614173598587513
229200,318,0.1,-401.00980853289366,120.0,1113,0.007772005163133144
229400,318,0.1,-664.5595402643085,135.0,2222,0.014025317505002022
229600,318,0.1,-918.6492361947894,146.0,3315,0.008563345298171043
229800,319,0.1,-229.84990030527115,110.0,428,0.00908218789845705
230000,319,0.1,-461.84965139627457,105.0,1545,0.006957745645195246
230200,319,0.1,-738.0794954895973,122.0,2661,0.010899736545979977
230400,319,0.1,-959.0092402100563,90.0,3779,0.008997363038361073
230600,320,0.1,-328.379901945591,87.0,875,0.012534797191619873
230800,320,0.1,-599.2696934342384,89.0,1990,0.01084842998534441
231000,320,0.1,-900.8295851349831,119.0,3104,0.015292360447347164
231200,321,0.1,-161.26997029781342,86.0,193,0.011522551998496056
231400,321,0.1,-427.3197566270828,90.0,1324,0.01273212768137455
231600,321,0.1,-723.9496914148331,110.0,2447,0.015469315461814404
231800,321,0.1,-1009.7195712327957,139.0,3541,0.01693905144929886
232000,322,0.1,-285.2598870676011,110.0,654,0.011989643797278404
232200,322,0.1,-536.3797257822007,97.0,1768,0.015566705726087093
232400,322,0.1,-814.099670259282,80.0,2864,0.0138020571321249
232600,323,0.1,-91.79999691061676,60.0,32,0.016566991806030273
232800,323,0.1,-404.48988586477935,93.0,1122,0.021865632385015488
233000,323,0.1,-643.3598247151822,37.0,2227,0.021025320515036583
233200,323,0.1,-988.239737091586,94.0,3318,0.01743040233850479
233400,324,0.1,-271.17995128035545,127.0,420,0.022620514035224915
233600,324,0.1,-515.2498649060726,69.0,1542,0.049195900559425354
233800,324,0.1,-806.0796826779842,73.0,2667,0.024335792288184166
234000,324,0.1,-1154.5995038449764,134.0,3779,0.016646526753902435
234200,325,0.1,-345.0699333231896,79.0,884,0.02912808209657669
234400,325,0.1,-613.6797832529992,66.0,1996,0.021809061989188194
234600,325,0.1,-870.1096128504723,56.0,3113,0.021497268229722977
234800,326,0.1,-156.96998986415565,76.0,199,0.021698901429772377
235000,326,0.1,-495.29977115802467,147.0,1326,0.030913429334759712
235200,326,0.1,-668.859618274495,58.0,2456,0.020209744572639465
235400,326,0.1,-991.3094399850816,119.0,3543,0.018894273787736893
235600,327,0.1,-254.01990359649062,67.0,657,0.014470851980149746
235800,327,0.1,-517.6097125373781,68.0,1767,0.020986201241612434
236000,327,0.1,-858.3495468460023,137.0,2876,0.02825295925140381
236200,328,0.1,-175.0099892821163,149.0,26,0.015788884833455086
236400,328,0.1,-343.7797632422298,52.0,1123,0.02279999479651451
236600,328,0.1,-694.4196088518947,148.0,2226,0.013449170626699924
236800,328,0.1,-1099.9893620219082,319.0,3310,0.01434822753071785
237000,329,0.1,-204.05985047109425,93.0,421,0.019845960661768913
237200,329,0.1,-428.6896126437932,89.0,1542,0.018398303538560867
237400,329,0.1,-783.5693435836583,207.0,2654,0.01854117587208748
237600,329,0.1,-1024.279161946848,206.0,3776,0.04805656895041466
237800,330,0.1,-246.27982285432518,34.0,884,0.015513640828430653
238000,330,0.1,-569.4295449536294,123.0,1993,0.015589255839586258
238200,330,0.1,-779.2892589848489,109.0,3104,0.017240047454833984
238400,331,0.1,-146.0899680815637,65.0,195,0.0206929799169302
238600,331,0.1,-464.7197231017053,125.0,1330,0.007094042841345072
238800,331,0.1,-728.5096172057092,128.0,2448,0.011149360798299313
239000,331,0.1,-984.499452944845,128.0,3540,0.029728500172495842
239200,332,0.1,-298.9199230633676,108.0,655,0.017196929082274437
239400,332,0.1,-607.259814735502,153.0,1762,0.009267461486160755
239600,332,0.1,-881.6196618042886,166.0,2866,0.018231719732284546
239800,333,0.1,-112.72000020556152,85.0,28,0.014221970923244953
240000,333,0.1,-355.33986848406494,65.0,1127,0.017638245597481728
240200,333,0.1,-668.1797017436475,113.0,2227,0.014999618753790855
240400,333,0.1,-909.3595160823315,90.0,3317,0.014611976221203804
240600,334,0.1,-226.4599579218775,95.0,423,0.022836735472083092
240800,334,0.1,-549.4398678187281,140.0,1543,0.012744450010359287
241000,334,0.1,-810.6397326830775,112.0,2664,0.013133243657648563
241200,334,0.1,-1061.5096078757197,74.0,3788,0.015307634137570858
241400,335,0.1,-387.01992800831795,140.0,884,0.02142823487520218
241600,335,0.1,-570.939845353365,40.0,1998,0.02647901326417923
241800,335,0.1,-905.3697431385517,90.0,3108,0.01862182654440403
242000,336,0.1,-143.11996945552528,56.0,206,0.025261780247092247
242200,336,0.1,-422.88991650752723,46.0,1328,0.015106240287423134
242400,336,0.1,-781.7698255460709,117.0,2448,0.021428674459457397
242600,336,0.1,-1086.999796954915,142.0,3538,0.020691988989710808
242800,337,0.1,-286.07992365397513,84.0,654,0.016277506947517395
243000,337,0.1,-636.07976343669,137.0,1766,0.01817983388900757
243200,337,0.1,-871.2396631482989,76.0,2867,0.03348372504115105
243400,338,0.1,-132.5100014768541,102.0,28,0.017074240371584892
243600,338,0.1,-399.3399069868028,73.0,1130,0.018148377537727356
243800,338,0.1,-675.8398233018816,63.0,2226,0.016973333433270454
244000,338,0.1,-1024.1497119031847,121.0,3317,0.013867870904505253
244200,339,0.1,-211.55999850854278,63.0,419,0.021005352959036827
244400,339,0.1,-552.5098552666605,117.0,1540,0.015472362749278545
244600,339,0.1,-816.9196758233011,137.0,2669,0.018166469410061836
244800,339,0.1,-1055.9294753037393,119.0,3778,0.02802307903766632
245000,340,0.1,-299.6098594646901,66.0,879,0.018031282350420952
245200,340,0.1,-607.7996776085347,117.0,1999,0.012386408634483814
245400,340,0.1,-889.9895186405629,142.0,3107,0.01306869275867939
245600,341,0.1,-166.59997045062482,91.0,198,0.022672343999147415
245800,341,0.1,-453.18982659839094,121.0,1330,0.008596586063504219
246000,341,0.1,-725.7296949531883,132.0,2447,0.01332179270684719
246200,341,0.1,-931.0795370247215,81.0,3542,0.019268065690994263
246400,342,0.1,-315.9998774789274,127.0,645,0.11221563816070557
246600,342,0.1,-527.7797870896757,47.0,1771,0.020449211820960045
246800,342,0.1,-878.0096824429929,123.0,2863,0.02571311593055725
247000,343,0.1,-116.6699883621186,87.0,30,0.030047139152884483
247200,343,0.1,-410.6098758857697,96.0,1123,0.026560477912425995
247400,343,0.1,-650.5298001449555,52.0,2233,0.016601333394646645
247600,343,0.1,-998.8296658676118,115.0,3323,0.036711741238832474
247800,344,0.1,-255.8299642484635,116.0,425,0.017050402238965034
248000,344,0.1,-464.34987839870155,49.0,1553,0.01714690402150154
248200,344,0.1,-775.0097613018006,77.0,2672,0.017000701278448105
248400,344,0.1,-1111.499635187909,129.0,3778,0.022681783884763718
248600,345,0.1,-400.1499567851424,121.0,886,0.015573452226817608
248800,345,0.1,-635.7098470553756,58.0,1991,0.0190387275069952
249000,345,0.1,-964.359673820436,112.0,3112,0.08556203544139862
249200,346,0.1,-164.59001249074936,73.0,200,0.023424532264471054
249400,346,0.1,-495.36989563703537,130.0,1324,0.01627131551504135
249600,346,0.1,-741.4397856593132,80.0,2445,0.021139206364750862
249800,346,0.1,-1046.7397362589836,94.0,3542,0.028408866375684738
250000,347,0.1,-327.71990426816046,123.0,654,0.0194527730345726
250200,347,0.1,-644.3598349932581,134.0,1770,0.02707108110189438
250400,347,0.1,-900.6997002009302,106.0,2866,0.033485542982816696
250600,348,0.1,-127.92999392002821,106.0,29,0.01424986869096756
250800,348,0.1,-384.8097944781184,129.0,1124,0.025074807927012444
251000,348,0.1,-638.8095384165645,152.0,2229,0.014783435501158237
251200,348,0.1,-960.7192445322871,243.0,3315,0.01388068962842226
251400,349,0.1,-274.3799060508609,162.0,419,0.01865103468298912
251600,349,0.1,-519.179626815021,162.0,1538,0.01569627970457077
251800,349,0.1,-712.6793979331851,114.0,2662,0.017619110643863678
252000,349,0.1,-972.6391223594546,136.0,3776,0.01445880439132452
252200,350,0.1,-293.5697213970125,98.0,884,0.01906484365463257
252400,350,0.1,-542.5695435367525,98.0,1995,0.01787601411342621
252600,350,0.1,-800.9093672595918,90.0,3110,0.014886144548654556
252800,351,0.1,-150.05997493863106,72.0,200,0.019330335780978203
253000,351,0.1,-458.2098062336445,122.0,1327,0.01791718229651451
253200,351,0.1,-776.199587136507,184.0,2453,0.01379457302391529
253400,351,0.1,-954.3294208347797,102.0,3540,0.01968793198466301
253600,352,0.1,-325.5899410806596,147.0,655,0.01351744681596756
253800,352,0.1,-567.9097548089921,136.0,1763,0.01449671946465969
254000,352,0.1,-899.579552706331,210.0,2867,0.020452437922358513
254200,353,0.1,-132.36001640558243,102.0,28,0.012555220164358616
254400,353,0.1,-438.75974947214127,154.0,1119,0.008437095209956169
254600,353,0.1,-610.8495364785194,68.0,2224,0.008797204121947289
254800,353,0.1,-909.7492299675941,126.0,3318,0.010957460850477219
255000,354,0.1,-430.2198558971286,308.0,417,0.010758702643215656
255200,354,0.1,-511.429519765079,146.0,1541,0.016759203746914864
255400,354,0.1,-734.0192304775119,121.0,2667,0.010281437076628208
255600,354,0.1,-939.8789173290133,88.0,3771,0.018055733293294907
255800,355,0.1,-390.1297188401222,169.0,883,0.012830446474254131
256000,355,0.1,-610.1094651818275,138.0,1995,0.012186101637780666
256200,355,0.1,-835.7891755700111,128.0,3104,0.010229082778096199
256400,356,0.1,-293.35990711674094,227.0,198,0.0149202486500144
256600,356,0.1,-461.8497504852712,153.0,1327,0.017979223281145096
256800,356,0.1,-717.7695264481008,182.0,2442,0.01522232498973608
257000,356,0.1,-894.4492406509817,144.0,3536,0.016800757497549057
257200,357,0.1,-342.2498201113194,190.0,644,0.018357468768954277
257400,357,0.1,-441.9495252352208,74.0,1757,0.019178202375769615
257600,357,0.1,-756.3692406397313,172.0,2860,0.014832143671810627
257800,358,0.1,-121.0899896286428,97.0,26,0.014636632055044174
258000,358,0.1,-342.46969362720847,98.0,1122,0.019189976155757904
258200,358,0.1,-592.1393947266042,123.0,2219,0.010724025778472424
258400,358,0.1,-760.719203915447,52.0,3313,0.011418459005653858
258600,359,0.1,-273.7399608474225,137.0,425,0.016811616718769073
258800,359,0.1,-509.2397920470685,116.0,1547,0.015614138916134834
259000,359,0.1,-747.9896869044751,87.0,2666,0.012433767318725586
259200,359,0.1,-990.5495361667126,61.0,3779,0.012671359814703465
259400,360,0.1,-323.3898358270526,89.0,888,0.011706939898431301
259600,360,0.1,-638.3296577855945,146.0,2001,0.01150987297296524
259800,360,0.1,-865.9894769117236,121.0,3108,0.016572007909417152
260000,361,0.1,-194.62996670417488,113.0,202,0.013330243527889252
260200,361,0.1,-521.7398452442139,178.0,1324,0.015952523797750473
260400,361,0.1,-729.3797290008515,122.0,2451,0.01938812993466854
260600,361,0.1,-1003.8896639030427,108.0,3547,0.02120961807668209
260800,362,0.1,-305.3098785839975,111.0,651,0.017056379467248917
261000,362,0.1,-588.2197601757944,115.0,1770,0.01000215858221054
261200,362,0.1,-909.2896800003946,155.0,2859,0.012764008715748787
261400,363,0.1,-93.51000871509314,63.0,30,0.008063443005084991
261600,363,0.1,-464.63989033550024,165.0,1120,0.014548937790095806
261800,363,0.1,-683.6898092254996,98.0,2227,0.01638016104698181
262000,363,0.1,-933.4197465404868,75.0,3313,0.015344062820076942
262200,364,0.1,-282.5599308107048,140.0,421,0.013553941622376442
262400,364,0.1,-512.1597097013146,111.0,1547,0.011616123840212822
262600,364,0.1,-867.0294654462487,234.0,2654,0.0407705083489418
262800,364,0.1,-1037.1392142865807,169.0,3768,0.016892002895474434
263000,365,0.1,-331.55982291325927,105.0,883,0.01102375891059637
263200,365,0.1,-533.1595510207117,69.0,1998,0.11669313907623291
263400,365,0.1,-791.1893652640283,93.0,3103,0.013544275425374508
263600,366,0.1,-170.59993126802146,98.0,193,0.013861495070159435
263800,366,0.1,-537.9997461121529,223.0,1328,0.016266020014882088
264000,366,0.1,-643.6494882386178,93.0,2437,0.015074729919433594
264200,366,0.1,-952.7592447083443,170.0,3540,0.013344896957278252
264400,367,0.1,-249.63995339907706,61.0,655,0.016908427700400352
264600,367,0.1,-560.9698341134936,99.0,1760,0.006902704946696758
264800,367,0.1,-807.3797166589648,77.0,2865,0.016864996403455734
265000,368,0.1,-77.59000076539814,52.0,33,0.0103377690538764
265200,368,0.1,-405.72986950166523,103.0,1120,0.012773619964718819
265400,368,0.1,-761.5397712159902,188.0,2227,0.01035623624920845
265600,368,0.1,-941.1296605039388,108.0,3320,0.012123240157961845
265800,369,0.1,-239.07998948916793,103.0,420,0.010801764205098152
266000,369,0.1,-510.4998398385942,95.0,1545,0.0075521934777498245
266200,369,0.1,-768.0097094140947,88.0,2664,0.014644943177700043
266400,369,0.1,-1066.1995726190507,105.0,3781,0.024640504270792007
266600,370,0.1,-355.4699393697083,96.0,879,0.01941254921257496
266800,370,0.1,-654.5998288579285,111.0,1998,0.017991404980421066
267000,370,0.1,-884.3897103257477,71.0,3106,0.012846749275922775
267200,371,0.1,-179.3899533096701,101.0,204,0.018246660009026527
267400,371,0.1,-525.939827138558,166.0,1323,0.017234934493899345
267600,371,0.1,-733.1397892776877,93.0,2449,0.02089250087738037
267800,371,0.1,-1075.2096497360617,157.0,3548,0.012315246276557446
268000,372,0.1,-247.4499178826809,52.0,662,0.09881298989057541
268200,372,0.1,-562.8497863709927,92.0,1764,0.11370515823364258
268400,372,0.1,-864.7095623910427,134.0,2863,0.01773596554994583
268600,373,0.1,-217.8799765110016,200.0,24,0.014431792311370373
268800,373,0.1,-386.26973366737366,143.0,1114,0.013401857577264309
269000,373,0.1,-589.0494692325592,114.0,2222,0.01668700948357582
269200,373,0.1,-906.3292396068573,207.0,3314,0.006979069206863642
269400,374,0.1,-203.85983892530203,94.0,411,0.006568265147507191
269600,374,0.1,-428.1895570382476,93.0,1544,0.0057181743904948235
269800,374,0.1,-664.9792766198516,114.0,2660,0.00900470744818449
270000,374,0.1,-884.7989868745208,109.0,3770,0.008521422743797302
270200,375,0.1,-346.1297354660928,146.0,880,0.009539848193526268
270400,375,0.1,-631.0995130501688,188.0,1985,0.008995729498565197
270600,375,0.1,-765.3794574700296,53.0,3099,0.012518614530563354
270800,376,0.1,-248.97995396517217,169.0,200,0.007738576270639896
271000,376,0.1,-395.029740056023,53.0,1331,0.011689536273479462
271200,376,0.1,-738.4095737542957,131.0,2451,0.009980101138353348
271400,376,0.1,-1031.5093776788563,158.0,3541,0.014387108385562897
271600,377,0.1,-275.739807812497,100.0,648,0.012492354959249496
271800,377,0.1,-510.219676701352,70.0,1771,0.02458939515054226
272000,377,0.1,-818.4995443504304,115.0,2859,0.016285762190818787
272200,378,0.1,-93.8900000974536,68.0,28,0.009585141204297543
272400,378,0.1,-366.5299427434802,71.0,1126,0.014457907527685165
272600,378,0.1,-654.6697981283069,79.0,2225,0.01642388477921486
272800,378,0.1,-923.1796510145068,68.0,3318,0.017534498125314713
273000,379,0.1,-268.9399718027562,137.0,425,0.017160315066576004
273200,379,0.1,-474.5098036509007,72.0,1546,0.01351950317621231
273400,379,0.1,-827.7696799021214,151.0,2667,0.015125625766813755
273600,379,0.1,-1074.7195810060948,120.0,3776,0.017487814649939537
273800,380,0.1,-324.73991858400404,77.0,883,0.0199651550501585
274000,380,0.1,-588.6997865382582,64.0,2000,0.012128448113799095
274200,380,0.1,-918.789726132527,115.0,3105,0.01563211716711521
274400,381,0.1,-134.82996672205627,52.0,200,0.015270225703716278
274600,381,0.1,-455.639843640849,93.0,1326,0.02908092737197876
274800,381,0.1,-774.0096885543317,136.0,2449,0.021178806200623512
275000,381,0.1,-984.5596048217267,71.0,3544,0.017992960289120674
275200,382,0.1,-306.6398981809616,115.0,656,0.02260279655456543
275400,382,0.1,-546.0298007726669,75.0,1767,0.019002698361873627
275600,382,0.1,-919.9397238492966,170.0,2864,0.015558503568172455
275800,383,0.1,-92.07000549510121,60.0,25,0.014925611205399036
276000,383,0.1,-445.2998867817223,142.0,1121,0.016466934233903885
276200,383,0.1,-673.2097531147301,97.0,2230,0.013236611150205135
276400,383,0.1,-964.7695294208825,141.0,3312,0.012061987072229385
276600,384,0.1,-270.9598825238645,156.0,417,0.009791774675250053
276800,384,0.1,-525.1496222279966,174.0,1544,0.009816599078476429
277000,384,0.1,-752.7893326543272,165.0,2663,0.007823153398931026
277200,384,0.1,-996.0090983174741,166.0,3769,0.010371299460530281
277400,385,0.1,-289.019791778177,72.0,881,0.0171329528093338
277600,385,0.1,-594.0996033512056,136.0,1996,0.01330918911844492
277800,385,0.1,-885.2493080459535,187.0,3107,0.011058224365115166
278000,386,0.1,-157.6799322925508,84.0,200,0.00982469692826271
278200,386,0.1,-541.4897379241884,221.0,1320,0.009410254657268524
278400,386,0.1,-665.4995431266725,97.0,2453,0.012128087691962719
278600,386,0.1,-938.5294725261629,112.0,3543,0.009235396049916744
278800,387,0.1,-280.8698281329125,103.0,654,0.005910730920732021
279000,387,0.1,-556.1196807902306,118.0,1762,0.01554944645613432
279200,387,0.1,-848.4895733874291,138.0,2867,0.023304590955376625
279400,388,0.1,-110.03999635018408,81.0,26,0.009352895431220531
279600,388,0.1,-347.69984360970557,51.0,1123,0.008245814591646194
279800,388,0.1,-678.2996799591929,126.0,2227,0.00838469062000513
280000,388,0.1,-913.5095355156809,94.0,3319,0.01340138167142868
280200,389,0.1,-334.5599286556244,198.0,419,0.008362325839698315
280400,389,0.1,-499.96981978416443,80.0,1551,0.010395090095698833
280600,389,0.1,-825.5897424221039,128.0,2665,0.010525496676564217
280800,389,0.1,-1082.2595756053925,115.0,3780,0.014780987054109573
281000,390,0.1,-399.24982576072216,154.0,884,0.009004299528896809
281200,390,0.1,-655.029664799571,142.0,1995,0.0059618959203362465
281400,390,0.1,-855.7394571751356,80.0,3102,0.06467267870903015
281600,391,0.1,-190.65993469953537,115.0,199,0.01471230573952198
281800,391,0.1,-476.6497513651848,133.0,1322,0.0052743772976100445
282000,391,0.1,-778.8095366358757,169.0,2449,0.011998283676803112
282200,391,0.1,-990.1793429255486,123.0,3536,0.01473044790327549
282400,392,0.1,-308.08989524655044,113.0,652,0.009532601572573185
282600,392,0.1,-597.5198142509907,118.0,1773,0.014017513021826744
282800,392,0.1,-891.5797007065266,136.0,2861,0.00964230764657259
283000,393,0.1,-127.07999068498611,102.0,29,0.019621500745415688
283200,393,0.1,-462.5399335026741,162.0,1122,0.015060575678944588
283400,393,0.1,-686.4098685383797,109.0,2224,0.09498237073421478
283600,393,0.1,-941.1997359395027,82.0,3318,0.015477873384952545
283800,394,0.1,-240.40997221134603,95.0,417,0.03779561445116997
284000,394,0.1,-579.059851905331,147.0,1541,0.01176383625715971
284200,394,0.1,-785.4597420897335,81.0,2669,0.01678592339158058
284400,394,0.1,-1119.37960078381,149.0,3773,0.014432751573622227
284600,395,0.1,-338.78985446318984,114.0,879,0.015048029832541943
284800,395,0.1,-743.659556325525,281.0,1997,0.010868499055504799
285000,395,0.1,-863.4892777763307,171.0,3097,0.020564556121826172
285200,396,0.1,-196.44992464594543,133.0,191,0.012615854851901531
285400,396,0.1,-418.9796897750348,120.0,1319,0.012361873872578144
285600,396,0.1,-696.239416776225,174.0,2446,0.014824573881924152
285800,396,0.1,-1056.4791445117444,318.0,3531,0.011966018937528133
286000,397,0.1,-273.9698333106935,106.0,651,0.016622718423604965
286200,397,0.1,-648.239554580301,246.0,1759,0.0143157709389925
286400,397,0.1,-782.3392960391939,141.0,2871,0.01820957474410534
286600,398,0.1,-131.45998721942306,111.0,28,0.007516965735703707
286800,398,0.1,-401.3396835885942,132.0,1112,0.006682381499558687
287000,398,0.1,-635.6695323549211,114.0,2224,0.010233324952423573
287200,398,0.1,-894.3093047700822,127.0,3313,0.013861017301678658
287400,399,0.1,-289.36986705474555,167.0,421,0.011488821357488632
287600,399,0.1,-521.1796714942902,140.0,1544,0.007233919110149145
287800,399,0.1,-754.5694563072175,115.0,2666,0.011207617819309235
288000,399,0.1,-1010.0491993110627,115.0,3773,0.007834143005311489
288200,400,0.1,-354.60976934060454,133.0,883,0.011533092707395554
288400,400,0.1,-666.6496210061014,173.0,1993,0.02160898596048355
288600,400,0.1,-852.2495040856302,88.0,3106,0.01379300095140934
288800,401,0.1,-161.80996668338776,77.0,197,0.01835092529654503
289000,401,0.1,-494.1698194742203,130.0,1326,0.017829932272434235
289200,401,0.1,-715.5996662378311,76.0,2449,0.0320388600230217
289400,401,0.1,-1052.3695422410965,135.0,3542,0.008814705535769463
289600,402,0.1,-278.7199481725693,83.0,647,0.012656041420996189
289800,402,0.1,-527.1197818517685,56.0,1765,0.011387704871594906
290000,402,0.1,-888.60966527462,136.0,2867,0.01631733775138855
290200,403,0.1,-108.67000453732908,79.0,30,0.015284213237464428
290400,403,0.1,-442.46986072324216,129.0,1125,0.021622177213430405
290600,403,0.1,-732.4696859624237,146.0,2225,0.017805960029363632
290800,403,0.1,-944.1595987584442,84.0,3317,0.06887124478816986
291000,404,0.1,-232.53996160067618,94.0,417,0.024645736441016197
291200,404,0.1,-538.6998441461474,128.0,1539,0.01641453616321087
291400,404,0.1,-830.9196629766375,148.0,2661,0.04323162883520126
291600,404,0.1,-1107.7495973352343,144.0,3775,0.013864373788237572
291800,405,0.1,-284.509882831946,41.0,889,0.01261872984468937
292000,405,0.1,-669.1997627262026,158.0,1996,0.014465765096247196
292200,405,0.1,-883.5496853832155,86.0,3099,0.03069985844194889
292400,406,0.1,-190.98989042453468,124.0,191,0.015756966546177864
292600,406,0.1,-521.1995457094163,217.0,1321,0.0303814634680748
292800,406,0.1,-709.6891449373215,178.0,2450,0.0116454241797328
293000,406,0.1,-1023.0088365953416,262.0,3534,0.021921701729297638
293200,407,0.1,-349.2697073481977,184.0,656,0.18370109796524048
293400,407,0.1,-539.7692882083356,145.0,1766,0.019090281799435616
293600,407,0.1,-789.4389316104352,155.0,2860,0.015547103248536587
293800,408,0.1,-106.24997320584953,83.0,23,0.02574690245091915
294000,408,0.1,-391.5895813982934,138.0,1123,0.017337709665298462
294200,408,0.1,-557.2592255156487,64.0,2222,0.14402538537979126
294400,408,0.1,-817.5089112799615,91.0,3316,0.03413822129368782
294600,409,0.1,-260.369899475947,135.0,416,0.017488041892647743
294800,409,0.1,-454.779638255015,67.0,1546,0.02223908342421055
295000,409,0.1,-752.6094245556742,108.0,2662,0.01657850295305252
295200,409,0.1,-1054.579079831019,158.0,3784,0.014446394518017769
295400,410,0.1,-371.73975115828216,133.0,885,0.01662256568670273
295600,410,0.1,-584.2595027070493,100.0,1997,0.016597619280219078
295800,410,0.1,-809.9993069749326,72.0,3108,0.019100841134786606
296000,411,0.1,-179.46993792057037,100.0,204,0.02016720175743103
296200,411,0.1,-430.7796713113785,97.0,1324,0.016878139227628708
296400,411,0.1,-729.249419093132,133.0,2450,0.04672779142856598
296600,411,0.1,-979.8992613554001,136.0,3537,0.011125333607196808
296800,412,0.1,-302.11985695175827,128.0,649,0.013723780401051044
297000,412,0.1,-501.53964984230697,72.0,1770,0.03943703696131706
297200,412,0.1,-767.1894811373204,84.0,2868,0.013902260921895504
297400,413,0.1,-123.16998114995658,98.0,25,0.05230163037776947
297600,413,0.1,-340.09981170110404,65.0,1123,0.013446006923913956
297800,413,0.1,-668.1595894377679,132.0,2222,0.01685536839067936
298000,413,0.1,-876.8193570654839,100.0,3311,0.018146177753806114
298200,414,0.1,-263.91993284225464,139.0,411,0.02174890786409378
298400,414,0.1,-496.1097583770752,108.0,1542,0.01756252348423004
298600,414,0.1,-760.1497225761414,85.0,2668,0.01742970570921898
298800,414,0.1,-1042.1396012306213,90.0,3778,0.01327546127140522
299000,415,0.1,-337.65987601689994,94.0,882,0.012271197512745857
299200,415,0.1,-668.4396819155663,154.0,1996,0.018476596102118492
299400,415,0.1,-867.7295726817101,85.0,3106,0.02717624604701996
299600,416,0.1,-182.3299736957997,101.0,207,0.015545323491096497
299800,416,0.1,-458.9198391418904,112.0,1324,0.014581269584596157
300000,416,0.1,-789.7596981506795,181.0,2454,0.015523869544267654
300200,416,0.1,-932.2195484619588,63.0,3540,0.015137284994125366
300400,417,0.1,-248.3398550748825,63.0,652,0.026319820433855057
300600,417,0.1,-554.0095533132553,129.0,1765,0.01214875839650631
300800,417,0.1,-788.7092901468277,121.0,2860,0.023085512220859528
301000,418,0.1,-169.0399764701724,149.0,25,0.01581895910203457
301200,418,0.1,-386.1396711990237,127.0,1117,0.01906489208340645
301400,418,0.1,-596.199421517551,97.0,2223,0.01860368251800537
301600,418,0.1,-965.4290939494967,231.0,3316,0.02035113237798214
301800,419,0.1,-282.62988307885826,165.0,415,0.013934630900621414
302000,419,0.1,-381.64958217553794,23.0,1543,0.025505540892481804
302200,419,0.1,-718.2492478173226,125.0,2656,0.012327260337769985
302400,419,0.1,-927.5389678757638,90.0,3782,0.016394736245274544
302600,420,0.1,-340.94985070079565,99.0,884,0.015622627921402454
302800,420,0.1,-671.6197084411979,163.0,1998,0.018229622393846512
303000,420,0.1,-856.659536741674,82.0,3100,0.011439075693488121
303200,421,0.1,-200.4399859905243,121.0,198,0.020153863355517387
303400,421,0.1,-394.7597997188568,50.0,1332,0.021406831219792366
303600,421,0.1,-769.3596861362457,157.0,2452,0.02971690520644188
303800,421,0.1,-995.6894943714142,116.0,3545,0.013062589801847935
304000,422,0.1,-303.33993814885616,115.0,654,0.015957185998558998
304200,422,0.1,-563.5097794383764,110.0,1765,0.011830177158117294
304400,422,0.1,-839.2696947902441,113.0,2861,0.012952959164977074
304600,423,0.1,-84.19998878240585,56.0,31,0.01571386680006981
304800,423,0.1,-470.3697742819786,171.0,1124,0.018061570823192596
305000,423,0.1,-696.1897048354149,115.0,2228,0.015649424865841866
305200,423,0.1,-951.9996084570885,103.0,3317,0.03154614567756653
305400,424,0.1,-313.5299757104367,171.0,425,0.01328954752534628
305600,424,0.1,-499.2199023347348,74.0,1549,0.031041115522384644
305800,424,0.1,-807.1898120027035,106.0,2666,0.026512857526540756
306000,424,0.1,-1090.7296932321042,116.0,3784,0.021996095776557922
306200,425,0.1,-377.29992317967117,131.0,886,0.021634051576256752
306400,425,0.1,-676.5897786598653,168.0,1997,0.024616271257400513
306600,425,0.1,-902.0495274048299,154.0,3104,0.009550850838422775
306800,426,0.1,-402.8499185703695,334.0,198,0.013682534918189049
307000,426,0.1,-501.929529633373,192.0,1323,0.014394070021808147
307200,426,0.1,-646.95921966061,94.0,2442,0.01584865339100361
307400,426,0.1,-900.1188833378255,96.0,3535,0.018415359780192375
307600,427,0.1,-315.8198268674314,148.0,649,0.028351278975605965
307800,427,0.1,-508.6794393323362,99.0,1762,0.012517129071056843
308000,427,0.1,-785.0591004155576,140.0,2858,0.011448398232460022
308200,428,0.1,-104.63999021053314,78.0,30,0.013100088573992252
308400,428,0.1,-339.5597070455551,68.0,1115,0.05529439449310303
308600,428,0.1,-635.9194515943527,115.0,2225,0.016419315710663795
308800,428,0.1,-907.4992228746414,135.0,3314,0.023772617802023888
309000,429,0.1,-217.97989425063133,90.0,424,0.009402802214026451
309200,429,0.1,-549.0896311700344,171.0,1545,0.014600950293242931
309400,429,0.1,-691.9294007718563,55.0,2661,0.014208221808075905
309600,429,0.1,-980.3791345059872,88.0,3782,0.01025803666561842
309800,430,0.1,-513.6297265272588,291.0,879,0.010395926423370838
310000,430,0.1,-591.2695313673466,108.0,1995,0.012633705511689186
310200,430,0.1,-858.3192807417363,122.0,3105,0.03639040142297745
310400,431,0.1,-178.0799688976258,99.0,195,0.0136494692414999
310600,431,0.1,-417.97973939590156,71.0,1324,0.019626932218670845
310800,431,0.1,-712.3995973747224,95.0,2452,0.011062085628509521
311000,431,0.1,-975.0294344108552,93.0,3544,0.11169406026601791
311200,432,0.1,-336.6498750951141,155.0,647,0.01410742849111557
311400,432,0.1,-544.2897223737091,90.0,1769,0.020676760002970695
311600,432,0.1,-867.6895648743957,138.0,2864,0.010318090207874775
311800,433,0.1,-119.61999823898077,88.0,28,0.02194962464272976
312000,433,0.1,-374.8198497518897,81.0,1121,0.015374189242720604
312200,433,0.1,-602.1796357855201,47.0,2223,0.03269799053668976
312400,433,0.1,-922.7995183691382,102.0,3312,0.016537120565772057
312600,434,0.1,-223.13985782675445,108.0,409,0.017426539212465286
312800,434,0.1,-432.12959009222686,64.0,1549,0.016871968284249306
313000,434,0.1,-778.3393741231412,149.0,2666,0.024972565472126007
313200,434,0.1,-992.3391833882779,105.0,3774,0.0147404158487916
313400,435,0.1,-297.2798012997955,76.0,881,0.021556230261921883
313600,435,0.1,-604.5996424462646,121.0,1990,0.02789197862148285
313800,435,0.1,-834.8794185426086,100.0,3100,0.01284858025610447
314000,436,0.1,-132.77996232919395,57.0,200,0.01685432717204094
314200,436,0.1,-411.44977357797325,81.0,1326,0.02293793298304081
314400,436,0.1,-696.6095526497811,112.0,2447,0.014373956248164177
314600,436,0.1,-952.2894714158028,90.0,3541,0.01686284877359867
314800,437,0.1,-280.0498686712235,84.0,659,0.015525199472904205
315000,437,0.1,-573.7497826498002,102.0,1770,0.017243649810552597
315200,437,0.1,-839.2197345178574,78.0,2870,0.018942518159747124
315400,438,0.1,-165.25998827815056,140.0,26,0.024044863879680634
315600,438,0.1,-387.8499014079571,79.0,1121,0.020665623247623444
315800,438,0.1,-717.9198109805584,128.0,2222,0.012369098141789436
316000,438,0.1,-985.4396784007549,120.0,3318,0.030646858736872673
316200,439,0.1,-241.76994889602065,105.0,424,0.010896902531385422
316400,439,0.1,-563.6797904334962,169.0,1542,0.01833781786262989
316600,439,0.1,-749.6995114646852,126.0,2661,0.009110096842050552
316800,439,0.1,-1023.5391415916383,174.0,3772,0.013046836480498314
317000,440,0.1,-322.69977961294353,116.0,879,0.022999845445156097
317200,440,0.1,-598.459465129301,161.0,1998,0.016820436343550682
317400,440,0.1,-864.0691214632243,196.0,3100,0.010877289809286594
317600,441,0.1,-178.62992190942168,118.0,197,0.012089851312339306
317800,441,0.1,-581.6195883713663,307.0,1321,0.014070325531065464
318000,441,0.1,-583.6193528138101,72.0,2449,0.014169970527291298
318200,441,0.1,-845.2290799580514,100.0,3546,0.010698428377509117
318400,442,0.1,-321.6997993197292,166.0,653,0.008862781338393688
318600,442,0.1,-523.3495505061001,120.0,1765,0.009090353734791279
318800,442,0.1,-765.8093269076198,114.0,2862,0.009463388472795486
319000,443,0.1,-161.89997299946845,140.0,28,0.011780848726630211
319200,443,0.1,-397.45972355641425,134.0,1118,0.015260729938745499
319400,443,0.1,-701.579403007403,207.0,2221,0.009609398432075977
319600,443,0.1,-899.0291648749262,161.0,3311,0.010763105936348438
319800,444,0.1,-279.37992238625884,158.0,420,0.014015307649970055
320000,444,0.1,-466.91965007409453,111.0,1538,0.007284012623131275
320200,444,0.1,-763.3594407998025,169.0,2663,0.010542667470872402
320400,444,0.1,-995.3591442070901,146.0,3778,0.015121455304324627
320600,445,0.1,-351.4899641275406,97.0,887,0.015052035450935364
320800,445,0.1,-625.7999254465103,87.0,1991,0.02075585350394249
321000,445,0.1,-932.7098113298416,118.0,3104,0.038757793605327606
321200,446,0.1,-163.41998811997473,79.0,201,0.12788568437099457
321400,446,0.1,-484.6198563221842,129.0,1318,0.012395595200359821
321600,446,0.1,-739.5197226647288,101.0,2443,0.011082230135798454
321800,446,0.1,-1087.8096322659403,172.0,3541,0.018617454916238785
322000,447,0.1,-324.1899260878563,130.0,644,0.015834443271160126
322200,447,0.1,-521.5498313307762,54.0,1763,0.012158681638538837
322400,447,0.1,-845.5297364592552,109.0,2865,0.08049546927213669
322600,448,0.1,-117.56999075226486,90.0,29,0.014237059280276299
322800,448,0.1,-363.95980799011886,75.0,1120,0.012616637162864208
323000,448,0.1,-636.5997062902898,78.0,2219,0.02672051638364792
323200,448,0.1,-912.4995743017644,92.0,3315,0.015464563854038715
323400,449,0.1,-262.9599253796041,136.0,418,0.013316897675395012
323600,449,0.1,-555.1697432659566,167.0,1552,0.015268847346305847
323800,449,0.1,-720.889630522579,62.0,2664,0.02513851225376129
324000,449,0.1,-1039.5194933079183,107.0,3777,0.017061501741409302
324200,450,0.1,-393.59973334148526,165.0,874,0.024663886055350304
324400,450,0.1,-558.0995402224362,67.0,1990,0.014641827903687954
324600,450,0.1,-852.0893170721829,108.0,3106,0.014189327135682106
324800,451,0.1,-162.58994733728468,83.0,204,0.01607532799243927
325000,451,0.1,-467.7297505084425,135.0,1321,0.008642030879855156
325200,451,0.1,-627.7795470897108,36.0,2446,0.01000276580452919
325400,451,0.1,-969.1892901603132,127.0,3549,0.010785289108753204
325600,452,0.1,-279.0098718330264,94.0,659,0.013056252151727676
325800,452,0.1,-538.8896220847964,99.0,1769,0.009397287853062153
326000,452,0.1,-855.3694363757968,145.0,2870,0.011141889728605747
326200,453,0.1,-112.54000118374825,85.0,27,0.14078910648822784
326400,453,0.1,-373.53976848721504,82.0,1117,0.014066759496927261
326600,453,0.1,-684.4396317303181,113.0,2224,0.014259206131100655
326800,453,0.1,-914.3293869793415,83.0,3315,0.01638850010931492
327000,454,0.1,-260.0999354403466,135.0,423,0.014139635488390923
327200,454,0.1,-472.5498007815331,89.0,1544,0.024440104141831398
327400,454,0.1,-750.6996926348656,109.0,2673,0.025125732645392418
327600,454,0.1,-1018.8995441477746,112.0,3773,0.0235829409211874
327800,455,0.1,-365.2198851238936,138.0,882,0.018535569310188293
328000,455,0.1,-601.499727262184,108.0,1995,0.011916378512978554
328200,455,0.1,-899.0295839440078,146.0,3106,0.027210291475057602
328400,456,0.1,-192.09993346780539,115.0,201,0.016808349639177322
328600,456,0.1,-476.4298585280776,108.0,1332,0.013364046812057495
328800,456,0.1,-728.3497477397323,67.0,2449,0.021992649883031845
329000,456,0.1,-1079.5196498259902,135.0,3536,0.01264028437435627
329200,457,0.1,-296.41997933387756,98.0,654,0.01505435723811388
329400,457,0.1,-531.6998770236969,55.0,1769,0.02423717826604843
329600,457,0.1,-881.7497661113739,134.0,2863,0.14418961107730865
329800,458,0.1,-93.41000469215214,65.0,28,0.011925920844078064
330000,458,0.1,-384.15982873924077,85.0,1116,0.10959190130233765
330200,458,0.1,-681.9697371292859,91.0,2227,0.012594607658684254
330400,458,0.1,-930.6196704674512,68.0,3318,0.010185771621763706
330600,459,0.1,-284.2798932157457,162.0,423,0.011182299815118313
330800,459,0.1,-469.63979464396834,80.0,1550,0.01862231455743313
331000,459,0.1,-739.4396265111864,87.0,2657,0.10081858187913895
331200,459,0.1,-1030.3395038209856,104.0,3776,0.015870921313762665
331400,460,0.1,-386.0098848026246,147.0,880,0.012720483355224133
331600,460,0.1,-607.6497220676392,111.0,1997,0.009408397600054741
331800,460,0.1,-844.6195468585938,87.0,3104,0.016659226268529892
332000,461,0.1,-198.9699541553855,115.0,197,0.009852169081568718
332200,461,0.1,-447.79985728114843,80.0,1321,0.01260831393301487
332400,461,0.1,-755.5797139629722,123.0,2450,0.009695807471871376
332600,461,0.1,-1001.3495680317283,106.0,3541,0.019989274442195892
332800,462,0.1,-300.15992500819266,121.0,649,0.00955972634255886
333000,462,0.1,-551.399753594771,105.0,1770,0.013915360905230045
333200,462,0.1,-828.8496372941881,115.0,2865,0.016556793823838234
333400,463,0.1,-46.44997703656554,22.0,29,0.015870310366153717
333600,463,0.1,-366.54972898587584,85.0,1120,0.010385286062955856
333800,463,0.1,-661.8695956431329,118.0,2230,0.007330572232604027
334000,463,0.1,-959.0994082652032,165.0,3317,0.009812223725020885
334200,464,0.1,-240.699910486117,106.0,422,0.014072734862565994
334400,464,0.1,-507.83972724713385,96.0,1543,0.033823125064373016
334600,464,0.1,-816.129634225741,133.0,2666,0.015261020511388779
334800,464,0.1,-1083.7095378283411,125.0,3773,0.015380450524389744
335000,465,0.1,-375.1099524125457,122.0,884,0.010780319571495056
335200,465,0.1,-653.4898881539702,120.0,1993,0.01046883687376976
335400,465,0.1,-997.9298357591033,187.0,3099,0.012194380164146423
335600,466,0.1,-162.56001257523894,77.0,201,0.013432658277451992
335800,466,0.1,-487.2299339734018,123.0,1321,0.01624259538948536
336000,466,0.1,-710.8298132382333,76.0,2450,0.01099367719143629
336200,466,0.1,-1009.4596443139017,113.0,3544,0.016367262229323387
336400,467,0.1,-272.7099946439266,67.0,646,0.3832446336746216
336600,467,0.1,-592.8099044263363,112.0,1771,0.01843578927218914
336800,467,0.1,-872.0197595059872,118.0,2871,0.01923382468521595
337000,468,0.1,-88.06000271253288,58.0,28,0.046234697103500366
337200,468,0.1,-426.1999064963311,110.0,1125,0.01717674918472767
337400,468,0.1,-654.8597752135247,56.0,2226,0.023674044758081436
337600,468,0.1,-1009.6097032111138,134.0,3319,0.01396459061652422
337800,469,0.1,-251.329993031919,101.0,425,0.018660036846995354
338000,469,0.1,-543.7898953184485,118.0,1542,0.01650773175060749
338200,469,0.1,-792.9398038610816,88.0,2663,0.01328129693865776
338400,469,0.1,-1062.27973010391,82.0,3779,0.020837927237153053
338600,470,0.1,-359.84991991333663,111.0,878,0.025769373401999474
338800,470,0.1,-631.679809210822,96.0,2001,0.02316753938794136
339000,470,0.1,-912.0697575788945,97.0,3109,0.02372216433286667
339200,471,0.1,-119.55996519327164,37.0,209,0.06991986185312271
339400,471,0.1,-490.819888651371,113.0,1322,0.021340645849704742
339600,471,0.1,-732.3297844529152,75.0,2446,0.02731628343462944
339800,471,0.1,-1027.9296088814735,88.0,3541,0.018757205456495285
340000,472,0.1,-239.27992086857557,51.0,652,0.19566261768341064
340200,472,0.1,-594.2398014590144,123.0,1770,0.022621961310505867
340400,472,0.1,-885.2896566912532,137.0,2873,0.015502327121794224
340600,473,0.1,-95.99000838212669,71.0,31,0.021708179265260696
340800,473,0.1,-347.7998752873391,58.0,1119,0.02834143303334713
341000,473,0.1,-666.7597418110818,109.0,2230,0.021593688055872917
341200,473,0.1,-895.2496593277901,65.0,3317,0.026310192421078682
341400,474,0.1,-237.57994499616325,106.0,417,0.01899169571697712
341600,474,0.1,-509.18980017118156,108.0,1541,0.018009912222623825
341800,474,0.1,-734.0296100657433,68.0,2672,0.09419955313205719
342000,474,0.1,-1020.2094849627465,84.0,3778,0.01704992726445198
342200,475,0.1,-305.54986831359565,60.0,885,0.029228659346699715
342400,475,0.1,-637.6796734016389,126.0,1995,0.018776359036564827
342600,475,0.1,-860.479599205777,86.0,3104,0.01130093913525343
342800,476,0.1,-218.3199774865061,142.0,210,0.018151208758354187
343000,476,0.1,-458.58981534279883,115.0,1325,0.011642473749816418
343200,476,0.1,-747.6897203568369,135.0,2449,0.027164263650774956
343400,476,0.1,-982.3295461777598,103.0,3544,0.020467082038521767
343600,477,0.1,-363.6799213886261,179.0,660,0.013108891434967518
343800,477,0.1,-577.909729719162,131.0,1757,0.017441323027014732
344000,477,0.1,-850.3495500087738,135.0,2862,0.024897202849388123
344200,478,0.1,-132.3700072467327,103.0,25,0.021418020129203796
344400,478,0.1,-501.8597862422466,215.0,1123,0.032427236437797546
344600,478,0.1,-663.899642676115,111.0,2227,0.022156519815325737
344800,478,0.1,-942.0794753730297,137.0,3319,0.012182747945189476
345000,479,0.1,-251.34991249069571,127.0,418,0.020940836519002914
345200,479,0.1,-520.8997858427465,121.0,1556,0.01739242859184742
345400,479,0.1,-800.8396438024938,143.0,2668,0.02768414095044136
345600,479,0.1,-1021.6994079016149,104.0,3774,0.018267035484313965
345800,480,0.1,-331.28984721936285,96.0,884,0.015815019607543945
346000,480,0.1,-603.1396871451288,104.0,1995,0.01867925003170967
346200,480,0.1,-919.0495468024164,162.0,3106,0.019945364445447922
346400,481,0.1,-187.14993836916983,112.0,199,0.020720692351460457
346600,481,0.1,-421.8597274068743,90.0,1324,0.01339956745505333
346800,481,0.1,-692.3994865659624,108.0,2449,0.017993491142988205
347000,481,0.1,-1017.3192920926958,185.0,3540,0.019810819998383522
347200,482,0.1,-241.00984135083854,65.0,656,0.08985212445259094
347400,482,0.1,-569.5796522181481,132.0,1765,0.018057869747281075
347600,482,0.1,-789.3394540827721,97.0,2865,0.01742321252822876
347800,483,0.1,-100.59998199157417,73.0,26,0.014519007876515388
348000,483,0.1,-406.4998042266816,126.0,1113,0.018641410395503044
348200,483,0.1,-684.4596044700593,151.0,2229,0.018687061965465546
348400,483,0.1,-861.9093353431672,76.0,3312,0.022514043375849724
348600,484,0.1,-313.27985566854477,188.0,411,0.018185116350650787
348800,484,0.1,-488.04964846372604,100.0,1545,0.016123631969094276
349000,484,0.1,-747.3595058321953,90.0,2668,0.01548389345407486
349200,484,0.1,-1060.729344546795,149.0,3779,0.015130547806620598
349400,485,0.1,-371.7797865495086,131.0,888,0.013610359281301498
349600,485,0.1,-560.4896187409759,54.0,1989,0.016530780121684074
349800,485,0.1,-864.359428845346,99.0,3112,0.013531838543713093
350000,486,0.1,-154.9399698935449,77.0,203,0.021376490592956543
350200,486,0.1,-434.5997477732599,92.0,1318,0.021104615181684494
350400,486,0.1,-800.4895163737237,201.0,2454,0.02408749982714653
350600,486,0.1,-931.0793994627893,69.0,3542,0.06865359842777252
350800,487,0.1,-316.4099423866719,123.0,653,0.01710682362318039
351000,487,0.1,-521.7097711544484,70.0,1764,0.02095235511660576
351200,487,0.1,-857.1096959095448,130.0,2866,0.017117055132985115
351400,488,0.1,-97.30001166276634,67.0,31,0.1003425270318985
351600,488,0.1,-404.6798193734139,100.0,1123,0.02805643156170845
351800,488,0.1,-616.4996342938393,48.0,2228,0.017752651125192642
352000,488,0.1,-972.2295105736703,140.0,3317,0.01984582655131817
352200,489,0.1,-246.36992957629263,118.0,420,0.016395259648561478
352400,489,0.1,-577.629765773192,169.0,1540,0.03404643386602402
352600,489,0.1,-765.4296827558428,76.0,2670,0.026041148230433464
352800,489,0.1,-1057.569613719359,85.0,3772,0.022384537383913994
353000,490,0.1,-376.18994986638427,116.0,878,0.026735819876194
353200,490,0.1,-607.5098508559167,58.0,2002,0.0263958889991045
353400,490,0.1,-964.9998201094568,128.0,3105,0.02954702265560627
353600,491,0.1,-150.4399854503572,68.0,205,0.019954288378357887
353800,491,0.1,-488.7699007354677,115.0,1317,0.019550912082195282
354000,491,0.1,-787.9597536884248,130.0,2451,0.02431632950901985
354200,491,0.1,-1109.5096699558198,167.0,3542,0.03735920786857605
354400,492,0.1,-276.56994139775634,81.0,653,0.019255755469202995
354600,492,0.1,-616.6298242770135,142.0,1769,0.02416517585515976
354800,492,0.1,-859.2096999846399,103.0,2864,0.022829171270132065
355000,493,0.1,-105.48000806570053,78.0,29,0.015720508992671967
355200,493,0.1,-407.86986154317856,104.0,1116,0.02323129028081894
355400,493,0.1,-695.9197224974632,112.0,2228,0.027622615918517113
355600,493,0.1,-945.5396327376366,78.0,3317,0.025216836482286453
355800,494,0.1,-281.43999033793807,136.0,427,0.016819868236780167
356000,494,0.1,-508.0298517309129,82.0,1546,0.01824013888835907
356200,494,0.1,-794.2797401510179,87.0,2666,0.013533140532672405
356400,494,0.1,-1281.8396161161363,300.0,3776,0.01786269061267376
356600,495,0.1,-318.6397706232965,94.0,887,0.012057765386998653
356800,495,0.1,-600.9495531283319,131.0,1998,0.018641386181116104
357000,495,0.1,-922.359336014837,196.0,3108,0.01787741109728813
357200,496,0.1,-194.71993818320334,113.0,201,0.019195115193724632
357400,496,0.1,-466.20970788039267,124.0,1323,0.01915774494409561
357600,496,0.1,-822.0994211677462,220.0,2451,0.019786274060606956
357800,496,0.1,-994.1691571716219,144.0,3545,0.04643607139587402
358000,497,0.1,-335.2398084960878,158.0,651,0.02139759063720703
358200,497,0.1,-562.4595126472414,140.0,1766,0.010745121166110039
358400,497,0.1,-826.2493295036256,140.0,2863,0.019227664917707443
358600,498,0.1,-96.06998967006803,67.0,25,0.01438953261822462
358800,498,0.1,-362.6097698099911,78.0,1124,0.016637397930026054
359000,498,0.1,-666.8096861727536,108.0,2220,0.022539587691426277
359200,498,0.1,-882.2395264990628,57.0,3311,0.009992239996790886
359400,499,0.1,-352.0599976144731,217.0,423,0.027067892253398895
359600,499,0.1,-505.65978771075606,100.0,1543,0.016464289277791977
359800,499,0.1,-753.379586275667,83.0,2660,0.014477015472948551
360000,499,0.1,-1015.139437969774,78.0,3769,0.01698148250579834
360200,500,0.1,-347.78980039805174,111.0,882,0.016949644312262535
360400,500,0.1,-603.889570467174,110.0,1999,0.0739702507853508
360600,500,0.1,-1029.6492988988757,308.0,3101,0.013357063755393028
360800,501,0.1,-152.52990099228919,85.0,200,0.023713979870080948
361000,501,0.1,-574.1695770863444,288.0,1326,0.012892612256109715
361200,501,0.1,-651.6791643742472,140.0,2440,0.013405188918113708
361400,501,0.1,-877.8688783291727,154.0,3534,0.015882840380072594
361600,502,0.1,-319.86972200870514,166.0,649,0.010296167805790901
361800,502,0.1,-464.369362950325,90.0,1764,0.018353592604398727
362000,502,0.1,-741.8490175008774,148.0,2858,0.13893944025039673
362200,503,0.1,-217.21996744908392,197.0,26,0.026053065434098244
362400,503,0.1,-403.84975870884955,140.0,1123,0.013961484655737877
362600,503,0.1,-639.319562042132,116.0,2228,0.020388636738061905
362800,503,0.1,-878.4093328360468,103.0,3322,0.015047013759613037
363000,504,0.1,-234.69990252703428,109.0,422,0.011085787788033485
363200,504,0.1,-517.4697036668658,129.0,1548,0.016346458345651627
363400,504,0.1,-727.4894428178668,86.0,2664,0.059099581092596054
363600,504,0.1,-967.359210960567,73.0,3773,0.015356650575995445
363800,505,0.1,-307.8798135202378,77.0,878,0.014632951468229294
364000,505,0.1,-590.7295859735459,102.0,2000,0.017741557210683823
364200,505,0.1,-839.3692992608994,96.0,3104,0.01879797875881195
364400,506,0.1,-119.06996434554458,42.0,203,0.02363702282309532
364600,506,0.1,-448.8497776351869,107.0,1324,0.01752150058746338
364800,506,0.1,-713.4095696769655,115.0,2446,0.020856792107224464
365000,506,0.1,-946.6993393264711,86.0,3544,0.013838907703757286
365200,507,0.1,-329.949877705425,148.0,648,0.01596338115632534
365400,507,0.1,-517.2597541473806,66.0,1764,0.01304970309138298
365600,507,0.1,-878.6095580719411,159.0,2865,0.014980671927332878
365800,508,0.1,-126.49998917803168,101.0,26,0.01470870990306139
366000,508,0.1,-381.669716026634,103.0,1111,0.03220105916261673
366200,508,0.1,-653.6294909976423,107.0,2230,0.03923783078789711
366400,508,0.1,-933.5592957995832,125.0,3316,0.0208714809268713
366600,509,0.1,-287.3298396151513,173.0,420,0.021627748385071754
366800,509,0.1,-491.07965197972953,118.0,1542,0.031348977237939835
367000,509,0.1,-711.1894551794976,88.0,2664,0.029419682919979095
367200,509,0.1,-1007.689251570031,131.0,3781,0.020532656461000443
367400,510,0.1,-358.59985750727355,133.0,885,0.01704331487417221
367600,510,0.1,-539.8795935492963,63.0,2000,0.013957859016954899
367800,510,0.1,-842.0494305472821,112.0,3108,0.011847403831779957
368000,511,0.1,-185.75996067933738,111.0,200,0.01688673347234726
368200,511,0.1,-530.4997389595956,202.0,1319,0.02031896822154522
368400,511,0.1,-716.619547156617,127.0,2444,0.01828605867922306
368600,511,0.1,-944.0094611924142,84.0,3535,0.0119874132797122
368800,512,0.1,-245.12994855456054,51.0,656,0.016955986618995667
369000,512,0.1,-544.659837661311,76.0,1765,0.016579199582338333
369200,512,0.1,-887.6197084765881,142.0,2868,0.01093242783099413
369400,513,0.1,-133.6199979428202,99.0,31,0.016430741176009178
369600,513,0.1,-390.329894984141,72.0,1128,0.01600482501089573
369800,513,0.1,-713.8998157624155,125.0,2227,0.019511837512254715
370000,513,0.1,-1024.5097057465464,157.0,3318,0.009557112120091915
370200,514,0.1,-208.7299620732665,71.0,421,0.012954534962773323
370400,514,0.1,-553.0198208913207,141.0,1546,0.019214237108826637
370600,514,0.1,-762.6996936425567,79.0,2669,0.022066958248615265
370800,514,0.1,-1029.3295793160796,63.0,3775,0.011911570094525814
371000,515,0.1,-395.0998579543084,153.0,886,0.04722471162676811
371200,515,0.1,-649.9997068922967,155.0,1999,0.026768803596496582
371400,515,0.1,-849.7596189063042,88.0,3113,0.030159292742609978
371600,516,0.1,-193.74002787284553,99.0,199,0.013339536264538765
371800,516,0.1,-446.959874836728,92.0,1325,0.014950801618397236
372000,516,0.1,-756.7496862094849,141.0,2447,0.015730224549770355
372200,516,0.1,-964.2395729701966,88.0,3545,0.01815442182123661
372400,517,0.1,-368.349971473217,175.0,656,0.01884634606540203
372600,517,0.1,-642.1298133730888,190.0,1766,0.008280900306999683
372800,517,0.1,-811.2596365809441,102.0,2864,0.012890190817415714
373000,518,0.1,-151.88999843597412,120.0,23,0.02721327170729637
373200,518,0.1,-383.5797896385193,111.0,1116,0.01967860758304596
373400,518,0.1,-608.7695579528809,91.0,2223,0.012773641385138035
373600,518,0.1,-812.7993879318237,46.0,3311,0.010662974789738655
373800,519,0.1,-272.3498995900154,151.0,425,0.04248080775141716
374000,519,0.1,-500.38969165086746,125.0,1541,0.012379718944430351
374200,519,0.1,-761.9195166230202,136.0,2662,0.013839575462043285
374400,519,0.1,-1020.5193029046059,136.0,3780,0.01658232882618904
374600,520,0.1,-359.1998678725213,109.0,887,0.02677321620285511
374800,520,0.1,-612.4797855895013,87.0,1999,0.01849808357656002
375000,520,0.1,-862.2896300833672,66.0,3104,0.014782458543777466
375200,521,0.1,-205.25993856415153,126.0,196,0.015083552338182926
375400,521,0.1,-486.2598067186773,128.0,1330,0.015769310295581818
375600,521,0.1,-840.2097159288824,207.0,2449,0.03488236665725708
375800,521,0.1,-984.2095800302923,72.0,3534,0.02784690447151661
376000,522,0.1,-267.21993261016905,82.0,658,0.023750243708491325
376200,522,0.1,-612.3997915331274,166.0,1767,0.014944858849048615
376400,522,0.1,-829.3896968904883,109.0,2868,0.013247625902295113
376600,523,0.1,-81.95998465269804,54.0,31,0.0297030508518219
376800,523,0.1,-396.7198089286685,117.0,1117,0.0224879402667284
377000,523,0.1,-651.4695886299014,95.0,2224,0.09335792809724808
377200,523,0.1,-889.5194209739566,68.0,3312,0.029442358762025833
377400,524,0.1,-226.9799286648631,96.0,422,0.02286091074347496
377600,524,0.1,-472.06972282379866,77.0,1546,0.015504606999456882
377800,524,0.1,-753.5295862480998,95.0,2670,0.022307848557829857
378000,524,0.1,-1033.1094536110759,108.0,3776,0.01453070156276226
378200,525,0.1,-298.41979932412505,61.0,882,0.015717485919594765
378400,525,0.1,-640.4396917782724,120.0,2000,0.021965447813272476
378600,525,0.1,-854.6596057377756,47.0,3106,0.012334221974015236
378800,526,0.1,-128.43999615311623,37.0,199,0.017681380733847618
379000,526,0.1,-534.4798826277256,150.0,1329,0.24219545722007751
379200,526,0.1,-782.5497483313084,105.0,2448,0.020349828526377678
379400,526,0.1,-1109.719596773386,137.0,3536,0.01637015864253044
379600,527,0.1,-308.2999069970101,104.0,651,0.01820232719182968
379800,527,0.1,-571.6798088829964,72.0,1770,0.027304384857416153
380000,527,0.1,-877.1396706383675,93.0,2868,0.024377016350626945
380200,528,0.1,-89.26001047343016,55.0,32,0.01702965423464775
380400,528,0.1,-407.0498940870166,100.0,1119,0.011686590500175953
380600,528,0.1,-682.2596948072314,132.0,2227,0.01365462876856327
380800,528,0.1,-941.4095008298755,154.0,3317,0.00802566483616829
381000,529,0.1,-223.6098911445588,113.0,416,0.010072679258883
381200,529,0.1,-436.91975948028266,69.0,1539,0.051013752818107605
381400,529,0.1,-650.9795229118317,37.0,2669,0.014689227566123009
381600,529,0.1,-919.5893289726228,54.0,3778,0.02975558117032051
381800,530,0.1,-345.26978614367545,138.0,874,0.009837795980274677
382000,530,0.1,-584.5995600465685,131.0,1994,0.02835019677877426
382200,530,0.1,-838.9993541482836,134.0,3109,0.01325471606105566
382400,531,0.1,-204.67997068166733,125.0,200,0.012433065101504326
382600,531,0.1,-470.1798657774925,113.0,1322,0.017607389017939568
382800,531,0.1,-684.9697150588036,58.0,2452,0.010928843170404434
383000,531,0.1,-1001.2896232008934,106.0,3539,0.013775781728327274
383200,532,0.1,-312.04993110895157,119.0,649,0.014624319970607758
383400,532,0.1,-568.2697806954384,97.0,1764,0.03152354061603546
383600,532,0.1,-841.859653532505,99.0,2866,0.009160352870821953
383800,533,0.1,-84.9400087557733,55.0,29,0.012606695294380188
384000,533,0.1,-491.42990839108825,180.0,1123,0.013822859153151512
384200,533,0.1,-713.3796998225152,127.0,2221,0.010674277320504189
384400,533,0.1,-943.5496455393732,65.0,3313,0.015646783635020256
384600,534,0.1,-261.9399779718369,112.0,421,0.01401917077600956
384800,534,0.1,-561.4098866861314,119.0,1548,0.013814222998917103
385000,534,0.1,-798.8098324220628,63.0,2667,0.014984755776822567
385200,534,0.1,-1208.119727699086,161.0,3779,0.012797140516340733
385400,535,0.1,-380.2898789923638,109.0,886,0.01608976162970066
385600,535,0.1,-656.1697341483086,100.0,1995,0.013576571829617023
385800,535,0.1,-949.249647764489,110.0,3108,0.014798730611801147
386000,536,0.1,-185.47999873571098,89.0,208,0.016829729080200195
386200,536,0.1,-501.75987210683525,112.0,1330,0.04050750285387039
386400,536,0.1,-764.6997863333672,84.0,2454,0.08388771116733551
386600,536,0.1,-1092.5097383540124,114.0,3536,0.022832218557596207
386800,537,0.1,-332.9399858061224,123.0,654,0.021446507424116135
387000,537,0.1,-538.3899030033499,46.0,1761,0.018508994951844215
387200,537,0.1,-843.9398211780936,64.0,2875,0.020468875765800476
387400,538,0.1,-77.5100125670433,47.0,30,0.012981932610273361
387600,538,0.1,-351.29985946416855,42.0,1120,0.015766024589538574
387800,538,0.1,-666.0098115801811,70.0,2232,0.02726581320166588
388000,538,0.1,-946.009717643261,68.0,3314,0.016151364892721176
388200,539,0.1,-271.58994221687317,132.0,417,0.017963316291570663
388400,539,0.1,-593.1698167324066,178.0,1545,0.017450816929340363
388600,539,0.1,-732.049546957016,80.0,2665,0.016910670325160027
388800,539,0.1,-1022.7492144107819,134.0,3769,0.007155108265578747
389000,540,0.1,-368.85975899361074,154.0,886,0.007164548151195049
389200,540,0.1,-606.9795466866344,155.0,1999,0.0158306285738945
389400,540,0.1,-824.5392209496349,143.0,3102,0.023457836359739304
389600,541,0.1,-128.4699105899781,58.0,194,0.007611379958689213
389800,541,0.1,-432.75960895232856,121.0,1323,0.01994907855987549
390000,541,0.1,-745.5793234985322,203.0,2450,0.007703886833041906
390200,541,0.1,-1003.3190798442811,216.0,3537,0.2586509883403778
390400,542,0.1,-320.25982725434005,154.0,653,0.014754208736121655
390600,542,0.1,-535.6396242361516,119.0,1768,0.01521872915327549
390800,542,0.1,-768.1093543749303,98.0,2873,0.010922372341156006
391000,543,0.1,-133.529974039644,108.0,26,0.01132012065500021
391200,543,0.1,-518.5297318063676,244.0,1113,0.015729021281003952
391400,543,0.1,-595.1094532571733,69.0,2222,0.013027092441916466
391600,543,0.1,-847.489200886339,74.0,3315,0.015440280549228191
391800,544,0.1,-344.76991661824286,223.0,414,0.04973841831088066
392000,544,0.1,-519.3096629027277,142.0,1544,0.013776078820228577
392200,544,0.1,-820.6393857840449,185.0,2662,0.012111523188650608
392400,544,0.1,-1062.039220655337,172.0,3778,0.008532170206308365
392600,545,0.1,-365.0099442489445,105.0,885,0.014675181359052658
392800,545,0.1,-616.5498593337834,74.0,2005,0.013514370657503605
393000,545,0.1,-947.7497714050114,131.0,3106,0.012522145174443722
393200,546,0.1,-177.90997507981956,100.0,196,0.01211775653064251
393400,546,0.1,-436.87983086518943,80.0,1327,0.013905662111938
393600,546,0.1,-713.7697210591286,79.0,2448,0.03757337108254433
393800,546,0.1,-1035.0296557229012,111.0,3541,0.011840632185339928
394000,547,0.1,-301.6899311747402,106.0,654,0.011414148844778538
394200,547,0.1,-557.5198328699917,90.0,1769,0.027650656178593636
394400,547,0.1,-866.1497023310512,110.0,2869,0.02040552720427513
394600,548,0.1,-80.46000629290938,51.0,29,0.011900465935468674
394800,548,0.1,-366.3899195753038,75.0,1124,0.018382856622338295
395000,548,0.1,-657.349837359041,83.0,2231,0.01819739118218422
395200,548,0.1,-919.0497172437608,75.0,3321,0.018710549920797348
395400,549,0.1,-198.2799809575081,52.0,416,0.01307883020490408
395600,549,0.1,-493.94986563920975,78.0,1553,0.02057807892560959
395800,549,0.1,-746.1896865963936,51.0,2667,0.015917137265205383
396000,549,0.1,-1097.2595039010048,127.0,3777,0.02296380326151848
396200,550,0.1,-358.349954335019,105.0,879,0.014428840950131416
396400,550,0.1,-686.0398056190461,162.0,1998,0.014641866087913513
396600,550,0.1,-968.6895458381623,209.0,3104,0.09145397692918777
396800,551,0.1,-256.12994619458914,188.0,203,0.00816219300031662
397000,551,0.1,-535.3296775445342,226.0,1319,0.011489984579384327
397200,551,0.1,-689.1294271573424,141.0,2450,0.008010739460587502
397400,551,0.1,-961.1591834649444,176.0,3544,0.008059266023337841
397600,552,0.1,-339.32987066172063,165.0,653,0.011052176356315613
397800,552,0.1,-557.0296654310077,140.0,1766,0.009968257509171963
398000,552,0.1,-778.9294843282551,112.0,2860,0.00650885421782732
398200,553,0.1,-122.34998624958098,97.0,26,0.012506404891610146
398400,553,0.1,-416.3798021618277,133.0,1121,0.02023933082818985
398600,553,0.1,-646.0796782318503,72.0,2229,0.012056805193424225
398800,553,0.1,-925.7196270767599,70.0,3318,0.01328849047422409
399000,554,0.1,-232.73998275212944,96.0,414,0.01080944575369358
399200,554,0.1,-584.959914593026,176.0,1541,0.011738400906324387
399400,554,0.1,-799.2497805636376,107.0,2662,0.08843899518251419
399600,554,0.1,-1108.2496735136956,140.0,3777,0.01571386307477951
399800,555,0.1,-350.2799619715661,81.0,883,0.010838381014764309
400000,555,0.1,-629.0799011271447,70.0,1996,0.014473559334874153
400200,555,0.1,-939.3697651904076,97.0,3107,0.014503926038742065
400400,556,0.1,-205.2800398133695,80.0,206,0.033907465636730194
400600,556,0.1,-563.4700198434293,109.0,1328,0.03752521425485611
400800,556,0.1,-920.8300233148038,136.0,2449,0.066469706594944
401000,556,0.1,-1169.0599098466337,59.0,3540,0.027438083663582802
401200,557,0.1,-371.799978164956,145.0,655,0.03322690725326538
401400,557,0.1,-651.3898796122521,105.0,1766,0.0391981340944767
401600,557,0.1,-960.2097586672753,90.0,2867,0.030352143570780754
401800,558,0.1,-130.37001686915755,92.0,27,0.0505618080496788
402000,558,0.1,-567.6299980245531,204.0,1122,0.03254817798733711
402200,558,0.1,-798.8599074445665,110.0,2229,0.02142609842121601
402400,558,0.1,-1040.1098664365709,46.0,3320,0.024628104642033577
402600,559,0.1,-270.6399526577443,139.0,416,0.022350020706653595
402800,559,0.1,-454.1798167210072,55.0,1545,0.02285987325012684
403000,559,0.1,-776.9396581631154,117.0,2671,0.026816876605153084
403200,559,0.1,-1054.5794370155782,131.0,3774,0.026982435956597328
403400,560,0.1,-312.489918647334,82.0,881,0.020879516378045082
403600,560,0.1,-608.6997594218701,111.0,1996,0.010985784232616425
403800,560,0.1,-896.6595768313855,125.0,3106,0.16603617370128632
404000,561,0.1,-176.93998193368316,96.0,196,0.028978459537029266
404200,561,0.1,-435.46981715783477,89.0,1329,0.018115969374775887
404400,561,0.1,-772.7296247445047,173.0,2447,0.04592355340719223
404600,561,0.1,-977.5994157753885,137.0,3538,0.08343067020177841
404800,562,0.1,-265.8198530357331,98.0,647,0.017297979444265366
405000,562,0.1,-551.2396523635834,146.0,1764,0.021213337779045105
405200,562,0.1,-724.3494422119111,75.0,2871,0.021337734535336494
405400,563,0.1,-106.63997945003211,83.0,27,0.013873119838535786
405600,563,0.1,-376.9297200124711,97.0,1121,0.011702075600624084
405800,563,0.1,-632.7394543569535,112.0,2225,0.02546875551342964
406000,563,0.1,-858.1892469804734,94.0,3307,0.014149075374007225
406200,564,0.1,-289.43992104940116,168.0,421,0.013771355152130127
406400,564,0.1,-479.2597939055413,85.0,1553,0.05348667502403259
406600,564,0.1,-786.6396743338555,121.0,2669,0.016863804310560226
406800,564,0.1,-1052.4495531599969,113.0,3778,0.011618084274232388
407000,565,0.1,-380.2498804293573,135.0,883,0.016805525869131088
407200,565,0.1,-591.2397223673761,75.0,1996,0.01826258935034275
407400,565,0.1,-903.0395756922662,118.0,3098,0.12788105010986328
407600,566,0.1,-222.80995082482696,138.0,204,0.01820402964949608
407800,566,0.1,-492.33982371911407,133.0,1321,0.0186456385999918
408000,566,0.1,-717.8996648751199,90.0,2445,0.014531194232404232
408200,566,0.1,-955.1595005951822,65.0,3538,0.014642585068941116
408400,567,0.1,-280.76978632062674,102.0,658,0.012265697121620178
408600,567,0.1,-634.4595942124724,200.0,1756,0.01389387995004654
408800,567,0.1,-837.1894492730498,139.0,2873,0.013430374674499035
409000,568,0.1,-148.48997050523758,125.0,28,0.01665523089468479
409200,568,0.1,-388.0198338627815,111.0,1122,0.016826167702674866
409400,568,0.1,-634.3596060872078,112.0,2224,0.02653472311794758
409600,568,0.1,-854.429388821125,87.0,3310,0.00818838644772768
409800,569,0.1,-267.9598519485444,147.0,416,0.008724121376872063
410000,569,0.1,-425.9997279327363,39.0,1544,0.012511948123574257
410200,569,0.1,-728.1294495742768,99.0,2667,0.008515221998095512
410400,569,0.1,-957.1993148010224,68.0,3781,0.011713679879903793
410600,570,0.1,-384.4298617467284,160.0,881,0.009064244106411934
410800,570,0.1,-603.2796618565917,133.0,1996,0.017069056630134583
411000,570,0.1,-942.2694990262389,219.0,3106,0.009025566279888153
411200,571,0.1,-178.9399358034134,107.0,197,0.01197949517518282
411400,571,0.1,-419.81982243061066,93.0,1319,0.007907310500741005
411600,571,0.1,-693.5096408128738,120.0,2445,0.009795079007744789
411800,571,0.1,-983.5593858957291,163.0,3541,0.012250170111656189
412000,572,0.1,-310.55987986736,144.0,653,0.012862815521657467
412200,572,0.1,-540.5397289674729,123.0,1761,0.013039966113865376
412400,572,0.1,-799.1495731752366,121.0,2864,0.01771843247115612
412600,573,0.1,-116.56000968255103,88.0,32,0.015922365710139275
412800,573,0.1,-410.1199352387339,92.0,1122,0.011676611378788948
413000,573,0.1,-718.6897933129221,121.0,2227,0.014652394689619541
413200,573,0.1,-978.6997029427439,112.0,3318,0.017253927886486053
413400,574,0.1,-299.1999313980341,160.0,423,0.018489083275198936
413600,574,0.1,-516.7898085266352,88.0,1548,0.013843526132404804
413800,574,0.1,-840.8497150093317,127.0,2666,0.019653426483273506
414000,574,0.1,-1094.0896132141352,104.0,3777,0.013077565468847752
414200,575,0.1,-398.64993789605796,139.0,877,0.025851920247077942
414400,575,0.1,-639.4398001711816,107.0,2002,0.03361480310559273
414600,575,0.1,-843.4196623843163,48.0,3105,0.0123751200735569
414800,576,0.1,-133.28996431455016,54.0,204,0.01925610564649105
415000,576,0.1,-560.3498431406915,220.0,1322,0.007643373683094978
415200,576,0.1,-760.7297044955194,164.0,2446,0.05811729282140732
415400,576,0.1,-963.8995181284845,96.0,3545,0.013998905196785927
415600,577,0.1,-275.9298778437078,89.0,653,0.011683931574225426
415800,577,0.1,-511.7697058580816,66.0,1771,0.015315494500100613
416000,577,0.1,-856.0895629785955,142.0,2859,0.010491892695426941
416200,578,0.1,-70.25000547990203,44.0,31,0.011326802894473076
416400,578,0.1,-469.1898858509958,185.0,1124,0.024221662431955338
416600,578,0.1,-633.5096662007272,96.0,2226,0.014881135895848274
416800,578,0.1,-903.8494260273874,127.0,3317,0.009168008342385292
417000,579,0.1,-266.7199241798371,146.0,418,0.016099348664283752
417200,579,0.1,-502.0697159450501,128.0,1542,0.01563372276723385
417400,579,0.1,-690.6395930927247,55.0,2656,0.019363556057214737
417600,579,0.1,-984.709401814267,89.0,3776,0.02577047049999237
417800,580,0.1,-347.16988825798035,112.0,880,0.011028866283595562
418000,580,0.1,-627.1197502613068,135.0,1995,0.020767703652381897
418200,580,0.1,-866.3995053768158,117.0,3110,0.013209243305027485
418400,581,0.1,-210.8499717898667,109.0,201,0.01992568001151085
418600,581,0.1,-516.2699351496994,117.0,1321,0.040614139288663864
418800,581,0.1,-820.8199086375535,116.0,2447,0.02058419957756996
419000,581,0.1,-1111.4298644252121,107.0,3543,0.01762550137937069
419200,582,0.1,-273.6800193153322,65.0,651,0.023917729035019875
419400,582,0.1,-631.2199355922639,113.0,1768,0.02056082710623741
419600,582,0.1,-900.2998599372804,84.0,2867,0.019964417442679405
419800,583,0.1,-130.8900072220713,99.0,29,0.024900635704398155
420000,583,0.1,-418.49000045098364,86.0,1126,0.02561304159462452
420200,583,0.1,-705.679849350825,77.0,2227,0.022532854229211807
420400,583,0.1,-973.6197921875864,66.0,3321,0.015828944742679596
420600,584,0.1,-258.329925712198,129.0,415,0.01631709188222885
420800,584,0.1,-473.86978405341506,74.0,1540,0.019507788121700287
421000,584,0.1,-712.6896352134645,58.0,2668,0.024478157982230186
421200,584,0.1,-1030.55952328071,102.0,3781,0.014245041646063328
421400,585,0.1,-354.80980398505926,114.0,882,0.018431782722473145
421600,585,0.1,-600.5196733698249,97.0,1998,0.019753968343138695
421800,585,0.1,-866.6695046648383,99.0,3108,0.016798658296465874
422000,586,0.1,-216.26000628620386,128.0,206,0.0137136559933424
422200,586,0.1,-421.04984221607447,72.0,1327,0.01349649764597416
422400,586,0.1,-772.8096855655313,163.0,2444,0.006544427014887333
422600,586,0.1,-951.7393773570657,113.0,3536,0.008656931109726429
422800,587,0.1,-276.0097915176302,124.0,645,0.009667977690696716
423000,587,0.1,-500.1994034294039,130.0,1769,0.014182889834046364
423200,587,0.1,-754.7390133384615,168.0,2868,0.01273659709841013
423400,588,0.1,-124.06997063569725,104.0,23,0.01348918303847313
423600,588,0.1,-383.76964095048606,142.0,1124,0.010331994853913784
423800,588,0.1,-634.6094365399331,155.0,2227,0.007736292667686939
424000,588,0.1,-892.8390903752297,193.0,3312,0.01114578265696764
424200,589,0.1,-273.2798347119242,166.0,416,0.008883791975677013
424400,589,0.1,-446.879548991099,105.0,1551,0.014619100838899612
424600,589,0.1,-702.139341795817,98.0,2671,0.012063918635249138
424800,589,0.1,-956.0391382817179,93.0,3782,0.011022141203284264
425000,590,0.1,-342.7898715995252,109.0,884,0.012501808814704418
425200,590,0.1,-636.5496863387525,148.0,1995,0.02676476538181305
425400,590,0.1,-869.7294610999525,126.0,3103,0.013795451261103153
425600,591,0.1,-179.52992033585906,106.0,197,0.023232948035001755
425800,591,0.1,-420.98979448899627,87.0,1325,0.012362215667963028
426000,591,0.1,-658.6695935688913,71.0,2453,0.014395852573215961
426200,591,0.1,-971.7894232235849,123.0,3539,0.010447708889842033
426400,592,0.1,-297.7199042402208,99.0,654,0.011482958681881428
426600,592,0.1,-529.7497647367418,61.0,1772,0.01738440990447998
426800,592,0.1,-912.7996013723314,146.0,2867,0.012745503336191177
427000,593,0.1,-106.9100016579032,80.0,30,0.011855713091790676
427200,593,0.1,-428.3599060997367,128.0,1123,0.01737206242978573
427400,593,0.1,-692.3298090323806,104.0,2221,0.014994515106081963
427600,593,0.1,-926.799774967134,61.0,3320,0.017288120463490486
427800,594,0.1,-245.62994810380042,107.0,421,0.021701177582144737
428000,594,0.1,-563.3998295906931,147.0,1545,0.23320932686328888
428200,594,0.1,-781.959743225947,85.0,2667,0.013167672790586948
428400,594,0.1,-1060.8996157292277,91.0,3778,0.018628790974617004
428600,595,0.1,-331.75984415225685,107.0,884,0.019469700753688812
428800,595,0.1,-587.9296115320176,113.0,1997,0.011126961559057236
429000,595,0.1,-839.9493962209672,103.0,3105,0.01043254416435957
429200,596,0.1,-146.06996856443584,69.0,195,0.014870603568851948
429400,596,0.1,-444.159803731367,118.0,1326,0.015284553170204163
429600,596,0.1,-728.2096470426768,143.0,2447,0.014368961565196514
429800,596,0.1,-983.9394496511668,150.0,3544,0.012017598375678062
430000,597,0.1,-250.21990841254592,71.0,650,0.009153597056865692
430200,597,0.1,-659.4597317539155,222.0,1760,0.015280110761523247
430400,597,0.1,-799.7196485362947,97.0,2864,0.023556450381875038
430600,598,0.1,-102.41998311318457,75.0,32,0.012263624928891659
430800,598,0.1,-402.9398667458445,106.0,1123,0.015266679227352142
431000,598,0.1,-778.3396665696055,218.0,2227,0.03505459055304527
431200,598,0.1,-910.4995405320078,69.0,3321,0.016874736174941063
431400,599,0.1,-219.72993436269462,100.0,408,0.014455721713602543
431600,599,0.1,-507.2097773235291,117.0,1541,0.016095932573080063
431800,599,0.1,-747.8995995204896,96.0,2663,0.016304273158311844
432000,599,0.1,-995.0594832580537,59.0,3788,0.016017794609069824
432200,600,0.1,-340.8698497377336,97.0,881,0.017011821269989014
432400,600,0.1,-620.9697700105608,102.0,1998,0.016684580594301224
432600,600,0.1,-928.3096488080919,113.0,3110,0.014927206560969353
432800,601,0.1,-125.03995850495994,42.0,196,0.024141915142536163
433000,601,0.1,-456.51984670571983,94.0,1322,0.017516646534204483
433200,601,0.1,-739.599747447297,97.0,2453,0.011072642169892788
433400,601,0.1,-1047.4896211903542,124.0,3533,0.01572450064122677
433600,602,0.1,-295.0099782310426,92.0,648,0.010965759865939617
433800,602,0.1,-643.0299136005342,139.0,1769,0.02886320650577545
434000,602,0.1,-841.6598345600069,43.0,2870,0.014718439429998398
434200,603,0.1,-101.98000490665436,73.0,25,0.017077745869755745
434400,603,0.1,-421.21982848644257,113.0,1134,0.019390372559428215
434600,603,0.1,-667.8197273015976,74.0,2230,0.014739315956830978
434800,603,0.1,-970.2496026754379,98.0,3321,0.03807052969932556
435000,604,0.1,-281.6200340669602,124.0,419,0.021060680970549583
435200,604,0.1,-557.4099486749619,127.0,1547,0.017450418323278427
435400,604,0.1,-811.3398779314011,98.0,2667,0.017375877127051353
435600,604,0.1,-1074.7297123353928,82.0,3778,0.019136866554617882
435800,605,0.1,-329.19996419362724,67.0,885,0.013678072020411491
436000,605,0.1,-609.7997824233025,62.0,2000,0.012854664586484432
436200,605,0.1,-947.5097230952233,122.0,3101,0.02685461938381195
436400,606,0.1,-110.75993430241942,39.0,199,0.033808786422014236
436600,606,0.1,-480.2197574339807,160.0,1324,0.014969670213758945
436800,606,0.1,-674.0295385085046,104.0,2445,0.025944659486413002
437000,606,0.1,-940.4094129763544,108.0,3536,0.014855339191854
437200,607,0.1,-334.8798137269914,161.0,654,0.014383727684617043
437400,607,0.1,-564.8496575914323,148.0,1767,0.010488051921129227
437600,607,0.1,-791.5194244943559,123.0,2864,0.021904457360506058
437800,608,0.1,-154.15998548269272,128.0,30,0.01866050809621811
438000,608,0.1,-359.7498463988304,80.0,1124,0.018106330186128616
438200,608,0.1,-641.759580552578,108.0,2221,0.010847585275769234
438400,608,0.1,-924.4694251418114,131.0,3313,0.00897026527673006
438600,609,0.1,-210.87991666793823,76.0,415,0.0075755007565021515
438800,609,0.1,-474.93971729278564,82.0,1541,0.014266643673181534
439000,609,0.1,-783.6595487594604,138.0,2672,0.011881181970238686
439200,609,0.1,-980.9594337940216,71.0,3778,0.06654095649719238
439400,610,0.1,-311.2498716376722,75.0,878,0.006741730496287346
439600,610,0.1,-561.6097864173353,61.0,1999,0.012747990898787975
439800,610,0.1,-876.4695624373853,125.0,3108,0.01473188865929842
440000,611,0.1,-236.07993903569877,160.0,194,0.01161930151283741
440200,611,0.1,-484.15975180082023,140.0,1326,0.013624044135212898
440400,611,0.1,-722.9395870249718,105.0,2448,0.02174803428351879
440600,611,0.1,-992.3594893496484,86.0,3536,0.009729089215397835
440800,612,0.1,-269.629938185215,71.0,653,0.01119943056255579
441000,612,0.1,-557.4598055481911,78.0,1763,0.013685242272913456
441200,612,0.1,-878.3396523594856,111.0,2864,0.016791127622127533
441400,613,0.1,-136.69001007080078,103.0,29,0.017441393807530403
441600,613,0.1,-427.62994384765625,112.0,1125,0.011702571995556355
441800,613,0.1,-668.0098118782043,75.0,2230,0.015465591102838516
442000,613,0.1,-937.1797680854797,64.0,3322,0.009392205625772476
442200,614,0.1,-223.7500039935112,79.0,421,0.01739438623189926
442400,614,0.1,-495.9797994494438,83.0,1543,0.013751954771578312
442600,614,0.1,-813.3695618510246,166.0,2659,0.010726502165198326
442800,614,0.1,-1087.6093556284904,209.0,3778,0.0128621282055974
443000,615,0.1,-366.1197193507105,162.0,879,0.016713518649339676
443200,615,0.1,-665.1594966296107,225.0,1992,0.007604082580655813
443400,615,0.1,-792.9692505244166,115.0,3104,0.011717763729393482
443600,616,0.1,-239.84994950145483,168.0,204,0.007267345208674669
443800,616,0.1,-484.5096475109458,175.0,1318,0.1054358184337616
444000,616,0.1,-646.4593678936362,101.0,2444,0.04995768517255783
444200,616,0.1,-905.4991547092795,112.0,3538,0.008971353061497211
444400,617,0.1,-258.54980423487723,94.0,649,0.011491009965538979
444600,617,0.1,-514.3895936254412,100.0,1763,0.00820277538150549
444800,617,0.1,-755.5994014982134,92.0,2865,0.02722589671611786
445000,618,0.1,-121.75000455789268,91.0,28,0.01390084158629179
445200,618,0.1,-378.4298832695931,94.0,1116,0.0076495008543133736
445400,618,0.1,-604.2596652787179,69.0,2232,0.012701894156634808
445600,618,0.1,-892.3995352070779,104.0,3313,0.017705678939819336
445800,619,0.1,-261.0499423108995,131.0,421,0.011968797072768211
446000,619,0.1,-484.98975783213973,97.0,1545,0.010768330655992031
446200,619,0.1,-790.2796423994005,152.0,2661,0.01279053371399641
446400,619,0.1,-1031.5194981656969,126.0,3768,0.033741213381290436
446600,620,0.1,-335.58994167484343,67.0,884,0.023575956001877785
446800,620,0.1,-638.7398907486349,79.0,1996,0.015630092471837997
447000,620,0.1,-886.4497618023306,31.0,3107,0.017662210389971733
447200,621,0.1,-177.6799668855965,92.0,203,0.012071373872458935
447400,621,0.1,-509.40985818579793,142.0,1324,0.016418950632214546
447600,621,0.1,-750.0297603197396,93.0,2455,0.006833342835307121
447800,621,0.1,-1015.7996568270028,63.0,3536,0.016343001276254654
448000,622,0.1,-277.35990672931075,85.0,656,0.012838751077651978
448200,622,0.1,-543.4897971712053,55.0,1767,0.037976816296577454
448400,622,0.1,-920.3096547685564,153.0,2862,0.012931489385664463
448600,623,0.1,-171.29997994564474,144.0,27,0.014069353230297565
448800,623,0.1,-382.3498137202114,96.0,1117,0.012423006817698479
449000,623,0.1,-661.7596492972225,119.0,2231,0.011267932131886482
449200,623,0.1,-929.519420882687,141.0,3316,0.007084893528372049
449400,624,0.1,-226.2598653715104,105.0,420,0.014239327982068062
449600,624,0.1,-471.9797221105546,92.0,1539,0.010961619205772877
449800,624,0.1,-783.949480144307,158.0,2667,0.012899903580546379
450000,624,0.1,-993.9292713087052,99.0,3782,0.008757861331105232
450200,625,0.1,-327.28981223516166,107.0,880,0.01248424593359232
450400,625,0.1,-609.3696180861443,130.0,1993,0.009374161250889301
450600,625,0.1,-881.7992660086602,175.0,3103,0.009670041501522064
450800,626,0.1,-153.19987853057683,86.0,194,0.009045968763530254
451000,626,0.1,-438.6994612980634,160.0,1321,0.010917248204350471
451200,626,0.1,-673.7791097927839,172.0,2441,0.021558694541454315
451400,626,0.1,-883.568730192259,157.0,3532,0.027661157771945
451600,627,0.1,-311.88977163657546,157.0,647,0.007970479317009449
451800,627,0.1,-516.729442294687,133.0,1765,0.010409624315798283
452000,627,0.1,-792.2891401611269,182.0,2862,0.012521558441221714
452200,628,0.1,-99.3299952428788,75.0,29,0.006088081281632185
452400,628,0.1,-345.2997208517045,72.0,1127,0.01650877669453621
452600,628,0.1,-705.3296910207719,138.0,2223,0.016475338488817215
452800,628,0.1,-999.3995779436082,151.0,3314,0.02646883949637413
453000,629,0.1,-223.69993093051016,77.0,411,0.015747763216495514
453200,629,0.1,-545.1698215249926,100.0,1549,0.015380356460809708
453400,629,0.1,-824.4897308591753,105.0,2665,0.02086043916642666
453600,629,0.1,-1097.9396400693804,93.0,3784,0.017707105726003647
453800,630,0.1,-395.0199502389878,133.0,879,0.014035745523869991
454000,630,0.1,-659.1498757284135,113.0,1999,0.011534529738128185
454200,630,0.1,-909.9798220079392,80.0,3106,0.015197774395346642
454400,631,0.1,-193.08000111579895,93.0,203,0.0189684946089983
454600,631,0.1,-531.3699152469635,115.0,1325,0.02168983593583107
454800,631,0.1,-879.3098003864288,163.0,2445,0.024497896432876587
455000,631,0.1,-1050.169724702835,38.0,3545,0.013591578230261803
455200,632,0.1,-323.58000516705215,114.0,656,0.01962900534272194
455400,632,0.1,-556.6799411755055,51.0,1768,0.013852505013346672
455600,632,0.1,-920.4997901897877,130.0,2868,0.012071342207491398
455800,633,0.1,-83.55999209918082,49.0,28,0.02074406109750271
456000,633,0.1,-451.17987158335745,118.0,1128,0.019184023141860962
456200,633,0.1,-717.7197799924761,78.0,2232,0.015198325738310814
456400,633,0.1,-1018.6496463064104,102.0,3319,0.019655803218483925
456600,634,0.1,-310.24993323907256,182.0,412,0.021980203688144684
456800,634,0.1,-507.37978744134307,101.0,1543,0.016919441521167755
457000,634,0.1,-795.3597011528909,114.0,2666,0.02176656387746334
457200,634,0.1,-1082.0896241627634,125.0,3780,0.014356974512338638
457400,635,0.1,-394.44988452643156,148.0,881,0.02488272823393345
457600,635,0.1,-564.8496323749423,61.0,1997,0.0241071917116642
457800,635,0.1,-838.5894204303622,84.0,3111,0.015546084381639957
458000,636,0.1,-160.7199591305107,76.0,196,0.019037118181586266
458200,636,0.1,-434.9897569324821,83.0,1319,0.09388735145330429
458400,636,0.1,-758.0995744373649,141.0,2450,0.02414795197546482
458600,636,0.1,-941.1394404079765,76.0,3543,0.01445832010358572
458800,637,0.1,-242.32987799681723,68.0,659,0.014562331140041351
459000,637,0.1,-585.1196750644594,150.0,1766,0.013177227228879929
459200,637,0.1,-781.5494839195162,80.0,2868,0.01635197177529335
459400,638,0.1,-122.74998437613249,95.0,28,0.02540736272931099
459600,638,0.1,-395.18981444090605,105.0,1117,0.01587694138288498
459800,638,0.1,-646.5796946212649,74.0,2231,0.011993300169706345
460000,638,0.1,-915.4795702621341,84.0,3321,0.023497091606259346
460200,639,0.1,-227.9499088805169,94.0,416,0.01562652178108692
460400,639,0.1,-465.6597215216607,63.0,1546,0.0196387842297554
460600,639,0.1,-752.9694439452142,96.0,2664,0.017706308513879776
460800,639,0.1,-1009.05924811773,100.0,3775,0.009835395961999893
461000,640,0.1,-333.0796742737293,113.0,889,0.017914604395627975
461200,640,0.1,-602.3494847118855,124.0,1996,0.029735086485743523
461400,640,0.1,-830.0593536198139,83.0,3102,0.012819689698517323
461600,641,0.1,-211.31990438699722,138.0,200,0.03240419179201126
461800,641,0.1,-418.9396329522133,95.0,1331,0.020011616870760918
462000,641,0.1,-734.5793429017067,153.0,2453,0.01194545067846775
462200,641,0.1,-968.4790959954262,131.0,3535,0.014178010635077953
462400,642,0.1,-310.63981914147735,128.0,654,0.0162493959069252
462600,642,0.1,-547.4996981583536,87.0,1778,0.01343392115086317
462800,642,0.1,-803.8495774231851,69.0,2869,0.010375839658081532
463000,643,0.1,-124.9799998961389,96.0,26,0.01993086002767086
463200,643,0.1,-388.2299064360559,93.0,1118,0.014341549016535282
463400,643,0.1,-655.4298373423517,80.0,2232,0.010895381681621075
463600,643,0.1,-916.5296789370477,69.0,3313,0.01781073957681656
463800,644,0.1,-253.77992340177298,121.0,420,0.009609858505427837
464000,644,0.1,-482.73977943509817,70.0,1541,0.022635214030742645
464200,644,0.1,-835.7096213921905,141.0,2666,0.013934057205915451
464400,644,0.1,-1186.969442807138,224.0,3775,0.008300158195197582
464600,645,0.1,-337.3397680502385,116.0,878,0.008056234568357468
464800,645,0.1,-619.2095781546086,148.0,1998,0.02341027557849884
465000,645,0.1,-826.7893050890416,116.0,3101,0.01665324717760086
465200,646,0.1,-217.5599487386644,138.0,193,0.015902750194072723
465400,646,0.1,-480.6696737371385,163.0,1326,0.01747187227010727
465600,646,0.1,-721.1393912397325,156.0,2451,0.011266032233834267
465800,646,0.1,-925.6291740499437,106.0,3534,0.016274914145469666
466000,647,0.1,-343.39988943375647,167.0,648,0.013268165290355682
466200,647,0.1,-532.9597081784159,109.0,1763,0.026118438690900803
466400,647,0.1,-778.3695609215647,95.0,2864,0.016091542318463326
466600,648,0.1,-134.65998828038573,110.0,29,0.009499073028564453
466800,648,0.1,-391.4697936736047,114.0,1121,0.05257882922887802
467000,648,0.1,-687.7595909796655,139.0,2222,0.01694619655609131
467200,648,0.1,-924.4594346247613,118.0,3318,0.0117331612855196
467400,649,0.1,-249.70993640460074,116.0,419,0.012639578431844711
467600,649,0.1,-499.78970196284354,104.0,1540,0.011993065476417542
467800,649,0.1,-700.1295528654009,38.0,2662,0.011853063479065895
468000,649,0.1,-992.2193255666643,69.0,3779,0.010408924892544746
468200,650,0.1,-348.27983912825584,118.0,873,0.02058270387351513
468400,650,0.1,-630.8596239984035,149.0,1999,0.012472675181925297
468600,650,0.1,-853.7793622910976,130.0,3101,0.007031560875475407
468800,651,0.1,-201.60995170101523,130.0,197,0.033401601016521454
469000,651,0.1,-526.0197031162679,195.0,1326,0.03973141312599182
469200,651,0.1,-707.7595016621053,114.0,2450,0.012935235165059566
469400,651,0.1,-1032.4892456196249,190.0,3538,0.025200029835104942
469600,652,0.1,-308.04979263804853,136.0,657,0.01839786395430565
469800,652,0.1,-500.51957928203046,75.0,1762,0.011077282950282097
470000,652,0.1,-778.4893807079643,101.0,2863,0.014078980311751366
470200,653,0.1,-164.48999360017478,141.0,25,0.012200480327010155
470400,653,0.1,-367.75969889573753,95.0,1124,0.01055306475609541
470600,653,0.1,-674.3095798771828,126.0,2222,0.008753959089517593
470800,653,0.1,-916.3394179623574,104.0,3320,0.01118242833763361
471000,654,0.1,-343.3699394464493,212.0,421,0.022270211949944496
471200,654,0.1,-491.81968796253204,99.0,1541,0.00929049402475357
471400,654,0.1,-738.0895475149155,87.0,2665,0.011585941538214684
471600,654,0.1,-995.5994335412979,83.0,3777,0.015378337353467941
471800,655,0.1,-364.82988640107214,120.0,881,0.00779040576890111
472000,655,0.1,-631.7696776036173,114.0,1989,0.00825872179120779
472200,655,0.1,-875.8395504597574,92.0,3103,0.011737068183720112
472400,656,0.1,-145.94001817330718,56.0,198,0.016741320490837097
472600,656,0.1,-517.8999052010477,142.0,1328,0.031131362542510033
472800,656,0.1,-737.0197873078287,85.0,2450,0.02047842927277088
473000,656,0.1,-1063.1596603356302,137.0,3539,0.014499938115477562
473200,657,0.1,-293.67997088842094,88.0,659,0.023547017946839333
473400,657,0.1,-567.6498276274651,83.0,1760,0.03248737379908562
473600,657,0.1,-911.7597459834069,144.0,2866,0.017896195873618126
473800,658,0.1,-149.45999124087393,123.0,28,0.15176573395729065
474000,658,0.1,-442.61992480792105,132.0,1125,0.010823465883731842
474200,658,0.1,-671.9598222021013,65.0,2220,0.012022716924548149
474400,658,0.1,-968.0297003034502,92.0,3311,0.01922537013888359
474600,659,0.1,-251.0499443691224,130.0,422,0.01619858294725418
474800,659,0.1,-465.43975969962776,80.0,1540,0.023778755217790604
475000,659,0.1,-767.999514548108,123.0,2661,0.013518479652702808
475200,659,0.1,-1057.2492746990174,161.0,3778,0.016898175701498985
475400,660,0.1,-444.47984987311065,216.0,875,0.018181541934609413
475600,660,0.1,-573.4195352178067,96.0,2000,0.08571255952119827
475800,660,0.1,-825.9692948441952,100.0,3105,0.026805592700839043
476000,661,0.1,-177.14993023313582,105.0,199,0.020021717995405197
476200,661,0.1,-472.7496473733336,157.0,1323,0.022884920239448547
476400,661,0.1,-701.7794210854918,149.0,2448,0.01335141621530056
476600,661,0.1,-900.2191412393004,118.0,3538,0.016969675198197365
476800,662,0.1,-284.58978548273444,130.0,646,0.011563415639102459
477000,662,0.1,-542.1995471976697,148.0,1775,0.05107693001627922
477200,662,0.1,-857.8392623923719,224.0,2861,0.008540982380509377
477400,663,0.1,-84.59998532943428,63.0,26,0.01315616350620985
477600,663,0.1,-587.7696997802705,334.0,1114,0.01554575003683567
477800,663,0.1,-585.0594622772187,99.0,2221,0.028780166059732437
478000,663,0.1,-823.4691531341523,123.0,3312,0.01156803872436285
478200,664,0.1,-278.06989789009094,159.0,422,0.011067543178796768
478400,664,0.1,-505.2595908641815,141.0,1546,0.05711562931537628
478600,664,0.1,-728.1592829227448,123.0,2663,0.013340680859982967
478800,664,0.1,-1012.6190536022186,171.0,3781,0.008553087711334229
479000,665,0.1,-351.8197017852217,136.0,883,0.00835477840155363
479200,665,0.1,-616.4493976775557,151.0,1992,0.007365445140749216
479400,665,0.1,-813.7091470900923,122.0,3107,0.008968907408416271
479600,666,0.1,-166.4099212884903,93.0,198,0.013672743923962116
479800,666,0.1,-464.19968235492706,154.0,1329,0.012990016490221024
480000,666,0.1,-685.5694152116776,130.0,2445,0.008902489207684994
480200,666,0.1,-916.8491016626358,125.0,3534,0.008284104987978935
480400,667,0.1,-310.42989229783416,134.0,647,0.009826832450926304
480600,667,0.1,-564.1998295746744,107.0,1768,0.008494501933455467
480800,667,0.1,-806.1697256527841,76.0,2862,0.009785672649741173
481000,668,0.1,-102.46999102458358,77.0,29,0.017940253019332886
481200,668,0.1,-346.0198352895677,45.0,1120,0.009104762226343155
481400,668,0.1,-656.7497251592577,86.0,2227,0.010428670793771744
481600,668,0.1,-935.5295436941087,97.0,3318,0.0100953234359622
481800,669,0.1,-231.20999470166862,96.0,418,0.011472883634269238
482000,669,0.1,-451.1098689120263,36.0,1548,0.008742256090044975
482200,669,0.1,-795.4897641222924,100.0,2666,0.00929172057658434
482400,669,0.1,-1047.6697081606835,79.0,3779,0.01421414315700531
482600,670,0.1,-343.69990882091224,98.0,881,0.01246544811874628
482800,670,0.1,-626.3298140447587,98.0,1994,0.014028821140527725
483000,670,0.1,-1002.9196773450822,206.0,3108,0.0178261399269104
483200,671,0.1,-187.31995263323188,105.0,195,0.01709715649485588
483400,671,0.1,-474.4598633311689,112.0,1328,0.012780629098415375
483600,671,0.1,-767.5697351954877,122.0,2449,0.015260020270943642
483800,671,0.1,-1003.8296519778669,75.0,3537,0.011119062080979347
484000,672,0.1,-309.34995358996093,107.0,649,0.011638958938419819
484200,672,0.1,-583.279822288081,104.0,1766,0.009342528879642487
484400,672,0.1,-886.1797005515546,133.0,2869,0.005704890005290508
484600,673,0.1,-165.79997303895652,140.0,26,0.019752098247408867
484800,673,0.1,-479.21984460763633,195.0,1120,0.011741014197468758
485000,673,0.1,-660.8796398919076,127.0,2225,0.007053431123495102
485200,673,0.1,-962.3695061486214,165.0,3316,0.011987154372036457
485400,674,0.1,-284.24995988607407,159.0,421,0.008946358226239681
485600,674,0.1,-517.389736354351,136.0,1551,0.00871196947991848
485800,674,0.1,-747.7695853114128,110.0,2669,0.00897903274744749
486000,674,0.1,-1003.9194023013115,111.0,3780,0.009585647843778133
486200,675,0.1,-401.389855587855,176.0,880,0.006499582901597023
486400,675,0.1,-581.3896796349436,98.0,1997,0.013590862043201923
486600,675,0.1,-826.2595798615366,66.0,3108,0.0060517736710608006
486800,676,0.1,-194.0900037251413,101.0,194,0.006026765797287226
487000,676,0.1,-436.6098668538034,74.0,1326,0.009041144512593746
487200,676,0.1,-764.979759927839,124.0,2452,0.016396867111325264
487400,676,0.1,-1021.8096718750894,103.0,3540,0.012432749383151531
487600,677,0.1,-266.3799182381481,70.0,658,0.01497054472565651
487800,677,0.1,-540.1497856583446,69.0,1771,0.015918247401714325
488000,677,0.1,-825.639686724171,79.0,2868,0.023573048412799835
488200,678,0.1,-107.11000084877014,79.0,31,0.008640794083476067
488400,678,0.1,-396.96993827819824,70.0,1123,0.015571832656860352
488600,678,0.1,-725.2598843574524,109.0,2229,0.015598161146044731
488800,678,0.1,-1025.0797991752625,103.0,3317,0.021703485399484634
489000,679,0.1,-268.41997656039894,109.0,416,0.01606350764632225
489200,679,0.1,-581.8598960321397,127.0,1552,0.019841404631733894
489400,679,0.1,-884.2098513524979,122.0,2670,0.01229869108647108
489600,679,0.1,-1129.6497684400529,72.0,3785,0.01889883726835251
489800,680,0.1,-320.31991267204285,43.0,883,0.011486836709082127
490000,680,0.1,-677.1197998523712,89.0,1994,0.012773890048265457
490200,680,0.1,-1006.7297015190125,116.0,3102,0.011622477322816849
490400,681,0.1,-163.12997582368553,86.0,197,0.017978092655539513
490600,681,0.1,-463.3797455113381,138.0,1320,0.0111849345266819
490800,681,0.1,-780.7195401471108,210.0,2446,0.012693707831203938
491000,681,0.1,-934.7592826168984,128.0,3537,0.01614617556333542
491200,682,0.1,-268.81985225714743,98.0,652,0.010207063518464565
491400,682,0.1,-509.9296142105013,107.0,1768,0.010178490541875362
491600,682,0.1,-703.0193654540926,54.0,2865,0.021296359598636627
491800,683,0.1,-141.42999449186027,121.0,25,0.00882796011865139
492000,683,0.1,-465.0896872561425,216.0,1115,0.01385422796010971
492200,683,0.1,-591.2594670336694,101.0,2222,0.012352192774415016
492400,683,0.1,-771.8192328494042,34.0,3317,0.012609874829649925
492600,684,0.1,-261.34984516352415,146.0,418,0.00920175015926361
492800,684,0.1,-455.89956306666136,107.0,1544,0.007880904711782932
493000,684,0.1,-694.3693761751056,101.0,2668,0.011879296973347664
493200,684,0.1,-942.3691167756915,100.0,3780,0.01248563826084137
493400,685,0.1,-324.8597959522158,113.0,873,0.010510917752981186
493600,685,0.1,-697.8395623210818,253.0,1996,0.06904775649309158
493800,685,0.1,-806.44932689704,125.0,3102,0.00696070259436965
494000,686,0.1,-168.53993418626487,99.0,202,0.017712391912937164
494200,686,0.1,-534.4496813099831,225.0,1324,0.012643072754144669
494400,686,0.1,-638.8594870846719,85.0,2447,0.019532186910510063
494600,686,0.1,-959.6292825024575,155.0,3535,0.011963503435254097
494800,687,0.1,-274.4498035274446,103.0,654,0.017988955602049828
495000,687,0.1,-540.499517377466,128.0,1771,0.008697357960045338
495200,687,0.1,-830.0793046317995,166.0,2862,0.007067096419632435
495400,688,0.1,-119.8899690490216,97.0,22,0.008606762625277042
495600,688,0.1,-365.5297200065106,94.0,1116,0.012631671503186226
495800,688,0.1,-578.9294778686017,56.0,2236,0.012542101554572582
496000,688,0.1,-857.4992362838238,85.0,3316,0.0086109833791852
496200,689,0.1,-211.73989671468735,84.0,419,0.013125664554536343
496400,689,0.1,-505.759634912014,134.0,1541,0.010392257012426853
496600,689,0.1,-765.3493251204491,170.0,2660,0.0072188600897789
496800,689,0.1,-925.1589059233665,113.0,3774,0.00683826208114624
497000,690,0.1,-325.1596794091165,122.0,880,0.007324691396206617
497200,690,0.1,-575.1092786751688,151.0,1996,0.008452686481177807
497400,690,0.1,-783.0588893853128,147.0,3107,0.011562353000044823
497600,691,0.1,-162.6398746613413,100.0,194,0.010971023701131344
497800,691,0.1,-424.3895301464945,145.0,1322,0.010315803810954094
498000,691,0.1,-658.0992421749979,158.0,2449,0.005050498992204666
498200,691,0.1,-798.2389382962137,78.0,3536,0.00654657231643796
498400,692,0.1,-340.3997915070504,185.0,653,0.275311678647995
498600,692,0.1,-524.1395237725228,139.0,1763,0.010351860895752907
498800,692,0.1,-731.0292780678719,113.0,2864,0.013105375692248344
499000,693,0.1,-94.30997204780579,71.0,27,0.007962802425026894
499200,693,0.1,-366.3296768665314,114.0,1118,0.01834762655198574
499400,693,0.1,-644.8594372272491,160.0,2229,0.017866862937808037
499600,693,0.1,-863.3892076015472,155.0,3312,0.014171496033668518
499800,694,0.1,-209.0398207306862,102.0,415,0.0113698560744524
500000,694,0.1,-417.15947753190994,88.0,1543,0.014126083813607693
500200,694,0.1,-700.1191578507423,139.0,2660,0.008083933033049107
500400,694,0.1,-899.9389429688454,96.0,3775,0.016870299354195595
500600,695,0.1,-332.85982102155685,94.0,879,0.025215759873390198
500800,695,0.1,-635.4296962618828,135.0,1993,0.010741624981164932
501000,695,0.1,-921.3094817996025,163.0,3104,0.024718057364225388
501200,696,0.1,-169.659936722368,91.0,200,0.008794046938419342
501400,696,0.1,-449.649767216295,112.0,1328,0.010525626130402088
501600,696,0.1,-681.5395730100572,81.0,2447,0.009673694148659706
501800,696,0.1,-924.0994384847581,64.0,3553,0.014398347586393356
502000,697,0.1,-344.3799239397049,166.0,655,0.010893295519053936
502200,697,0.1,-559.1997100114822,126.0,1770,0.012362102046608925
502400,697,0.1,-862.9295583963394,154.0,2875,0.01575770415365696
502600,698,0.1,-115.31999015435576,81.0,27,0.013988465070724487
502800,698,0.1,-416.6099042855203,96.0,1116,0.015237817540764809
503000,698,0.1,-694.1698241196573,78.0,2231,0.009595545008778572
503200,698,0.1,-995.1797206364572,92.0,3313,0.011175249703228474
503400,699,0.1,-223.08993816003203,79.0,423,0.022674648091197014
503600,699,0.1,-518.6298227272928,89.0,1551,0.011079596355557442
503800,699,0.1,-806.8396854363382,95.0,2672,0.013796212151646614
504000,699,0.1,-1118.9895319901407,122.0,3784,0.010978520847856998
504200,700,0.1,-345.17989069223404,90.0,879,0.016039878129959106
504400,700,0.1,-667.729728281498,134.0,1994,0.01060978788882494
504600,700,0.1,-931.5695117115974,163.0,3099,0.013202469795942307
504800,701,0.1,-149.76990257762372,82.0,194,0.01222452986985445
505000,701,0.1,-460.8596380855888,156.0,1327,0.012884723953902721
505200,701,0.1,-683.959356656298,143.0,2447,0.0101691372692585
505400,701,0.1,-867.7290438320488,94.0,3533,0.0072809248231351376
505600,702,0.1,-327.64985298737884,164.0,651,0.01409692969173193
505800,702,0.1,-515.3796040974557,115.0,1765,0.005323683377355337
506000,702,0.1,-735.1793339215219,90.0,2862,0.009710290469229221
506200,703,0.1,-124.42998304404318,98.0,24,0.016316786408424377
506400,703,0.1,-339.89980115927756,66.0,1123,0.009892839938402176
506600,703,0.1,-695.0095936302096,150.0,2231,0.01722927764058113
506800,703,0.1,-904.9194876197726,90.0,3316,0.013420714065432549
507000,704,0.1,-249.12990119867027,121.0,420,0.013266024179756641
507200,704,0.1,-487.1298268120736,89.0,1544,0.0220856424421072
507400,704,0.1,-759.0296938698739,99.0,2664,0.011881839483976364
507600,704,0.1,-1019.8395452778786,95.0,3776,0.009644577279686928
507800,705,0.1,-325.10990858078003,72.0,883,0.015859268605709076
508000,705,0.1,-637.3097341060638,116.0,1992,0.012979435734450817
508200,705,0.1,-892.469568490982,111.0,3103,0.011414316482841969
508400,706,0.1,-190.80998193845153,103.0,194,0.04399868845939636
508600,706,0.1,-466.79991829022765,75.0,1331,0.019258420914411545
508800,706,0.1,-814.6698390208185,131.0,2450,0.014116251841187477
509000,706,0.1,-1059.8197318278253,97.0,3541,0.017369111999869347
509200,707,0.1,-267.3699198961258,67.0,648,0.02607063017785549
509400,707,0.1,-598.2397607564926,112.0,1768,0.015117937698960304
509600,707,0.1,-894.9696534872055,115.0,2868,0.01836935430765152
509800,708,0.1,-121.56999325379729,94.0,31,0.01369854249060154
510000,708,0.1,-392.10984015092254,88.0,1122,0.03232308104634285
510200,708,0.1,-665.4397413693368,70.0,2223,0.02291100099682808
510400,708,0.1,-973.3495981656015,96.0,3315,0.017168527469038963
510600,709,0.1,-281.67996644601226,142.0,421,0.020445987582206726
510800,709,0.1,-490.9198012314737,81.0,1550,0.010299955494701862
511000,709,0.1,-846.4196310006082,171.0,2665,0.01688529923558235
511200,709,0.1,-1004.3195104561746,58.0,3769,0.019342565909028053
511400,710,0.1,-340.18987616710365,95.0,884,0.009532088413834572
511600,710,0.1,-598.6097663324326,77.0,2000,0.01359388418495655
511800,710,0.1,-858.0196302812546,71.0,3106,0.02211959846317768
512000,711,0.1,-171.25996699742973,89.0,194,0.014001255854964256
512200,711,0.1,-482.95985427312553,131.0,1327,0.016999073326587677
512400,711,0.1,-742.7396947424859,132.0,2443,0.018681824207305908
512600,711,0.1,-996.71944966726,150.0,3546,0.0119897136464715
512800,712,0.1,-408.8998410385102,246.0,649,0.010978017002344131
513000,712,0.1,-527.8595091979951,136.0,1759,0.014131618663668633
513200,712,0.1,-804.2392589729279,177.0,2859,0.012454803101718426
513400,713,0.1,-80.329998312518,56.0,29,0.015502529218792915
513600,713,0.1,-353.25972729735076,97.0,1117,0.0202101469039917
513800,713,0.1,-574.3793972115964,87.0,2217,0.052225783467292786
514000,713,0.1,-860.3690798860043,138.0,3308,0.008406031876802444
514200,714,0.1,-327.0898693483323,207.0,418,0.027723440900444984
514400,714,0.1,-508.1696644704789,141.0,1548,0.009925889782607555
514600,714,0.1,-748.7595268171281,110.0,2668,0.01530007366091013
514800,714,0.1,-1037.4794412534684,134.0,3774,0.017585771158337593
515000,715,0.1,-355.7899453006685,110.0,885,0.011932456865906715
515200,715,0.1,-612.8998214565217,93.0,2003,0.009778372012078762
515400,715,0.1,-911.5397140346467,122.0,3108,0.008960152044892311
515600,716,0.1,-97.8699691183865,13.0,204,0.037134770303964615
515800,716,0.1,-439.7799010165036,79.0,1325,0.011999564245343208
516000,716,0.1,-759.8998036272824,123.0,2449,0.009806434623897076
516200,716,0.1,-954.7896304018795,52.0,3543,0.22543640434741974
516400,717,0.1,-349.5398753564805,157.0,655,0.03257900848984718
516600,717,0.1,-547.4495955388993,106.0,1765,0.005928528495132923
516800,717,0.1,-857.10928687267,178.0,2862,0.014860253781080246
517000,718,0.1,-105.75997769832611,79.0,24,0.011135421693325043
517200,718,0.1,-351.0096687078476,79.0,1121,0.007315237540751696
517400,718,0.1,-638.1893686056137,132.0,2225,0.018104437738656998
517600,718,0.1,-882.4591192007065,130.0,3313,0.009286019019782543
517800,719,0.1,-332.3898452166468,212.0,414,0.007201802916824818
518000,719,0.1,-429.3495925310999,68.0,1542,0.009143015369772911
518200,719,0.1,-698.9892407301813,104.0,2667,0.010329687967896461
518400,719,0.1,-978.9389220122248,139.0,3780,0.009049013257026672
518600,720,0.1,-327.09976291283965,112.0,881,0.015242430381476879
518800,720,0.1,-529.7896499596536,62.0,1999,0.008285260759294033
519000,720,0.1,-838.389507766813,106.0,3103,0.010752646252512932
519200,721,0.1,-166.93994748592377,92.0,194,0.013851283118128777
519400,721,0.1,-431.3197845220566,97.0,1322,0.009983086958527565
519600,721,0.1,-717.5895870923996,131.0,2445,0.007820638827979565
519800,721,0.1,-1001.0094007253647,159.0,3532,0.014057540334761143
520000,722,0.1,-361.1398943066597,174.0,651,0.011665524914860725
520200,722,0.1,-557.9297178387642,116.0,1768,0.01028477307409048
520400,722,0.1,-847.5095751881599,130.0,2866,0.05441351979970932
520600,723,0.1,-104.76000195741653,78.0,27,0.025569168850779533
520800,723,0.1,-416.159892141819,96.0,1120,0.018316788598895073
521000,723,0.1,-721.8398314118385,112.0,2225,0.02321024425327778
521200,723,0.1,-998.0297527909279,104.0,3313,0.017759859561920166
521400,724,0.1,-229.7199488580227,85.0,417,0.018290407955646515
521600,724,0.1,-488.3198171555996,55.0,1539,0.014796217903494835
521800,724,0.1,-815.8196788728237,102.0,2667,0.01790362037718296
522000,724,0.1,-1131.2595673501492,134.0,3781,0.014241956174373627
522200,725,0.1,-378.2598725184798,128.0,886,0.01349867507815361
522400,725,0.1,-583.4697357043624,45.0,1999,0.02324051409959793
522600,725,0.1,-922.7196734771132,100.0,3112,0.01665443181991577
522800,726,0.1,-143.35997411422431,56.0,206,0.012797200120985508
523000,726,0.1,-513.5998429935426,153.0,1339,0.01565861515700817
523200,726,0.1,-721.259729353711,84.0,2448,0.02404075860977173
523400,726,0.1,-1102.0095767658204,191.0,3537,0.01147224847227335
523600,727,0.1,-292.4499823693186,97.0,660,0.011184215545654297
523800,727,0.1,-650.6998235825449,174.0,1766,0.03831707686185837
524000,727,0.1,-842.6696600560099,99.0,2866,0.019759751856327057
524200,728,0.1,-85.49999954551458,60.0,31,0.012586332857608795
524400,728,0.1,-371.2498371824622,81.0,1112,0.016987722367048264
524600,728,0.1,-715.9896381124854,178.0,2221,0.012363024987280369
524800,728,0.1,-919.3294694647193,130.0,3317,0.013752450235188007
525000,729,0.1,-269.23991885595024,152.0,421,0.01310119591653347
525200,729,0.1,-572.9495960753411,217.0,1538,0.015354002825915813
525400,729,0.1,-727.1894136946648,122.0,2664,0.010578107088804245
525600,729,0.1,-969.4091695826501,122.0,3780,0.014062297530472279
525800,730,0.1,-342.0097410976887,133.0,883,0.008643010631203651
526000,730,0.1,-589.4396078884602,126.0,1993,0.012163257226347923
526200,730,0.1,-825.3894000351429,120.0,3107,0.019579840824007988
526400,731,0.1,-165.44994792155921,93.0,196,0.2593522071838379
526600,731,0.1,-414.419809428975,108.0,1323,0.012613048776984215
526800,731,0.1,-697.4295912664384,143.0,2447,0.00978572852909565
527000,731,0.1,-887.1194141786546,92.0,3542,0.0097512723878026
527200,732,0.1,-250.16988953761756,87.0,649,0.007371082901954651
527400,732,0.1,-552.5196183603257,148.0,1767,0.007606882601976395
527600,732,0.1,-745.2894242685288,96.0,2867,0.010460823774337769
527800,733,0.1,-74.65998467244208,53.0,29,0.02057282254099846
528000,733,0.1,-350.89982231892645,80.0,1120,0.03346353769302368
528200,733,0.1,-671.7396245840937,145.0,2225,0.010076191276311874
528400,733,0.1,-880.7394562605768,99.0,3318,0.01531637366861105
528600,734,0.1,-242.17992886528373,110.0,423,0.01435068529099226
528800,734,0.1,-558.6598597429693,150.0,1544,0.01077505573630333
529000,734,0.1,-815.159766998142,132.0,2664,0.012367534451186657
529200,734,0.1,-1047.609627570957,88.0,3775,0.011088840663433075
529400,735,0.1,-317.45991050451994,66.0,887,0.013354171998798847
529600,735,0.1,-685.6798263713717,153.0,2001,0.010093649849295616
529800,735,0.1,-940.169717900455,132.0,3099,0.013357074931263924
530000,736,0.1,-175.63999547995627,92.0,203,0.019433429464697838
530200,736,0.1,-468.55992212332785,116.0,1326,0.008794303052127361
530400,736,0.1,-775.7298423293978,146.0,2451,0.010510344058275223
530600,736,0.1,-988.5496446136385,110.0,3539,0.0064608072862029076
530800,737,0.1,-277.0699312631041,86.0,655,0.013563822954893112
531000,737,0.1,-535.9196727219969,90.0,1772,0.014433588832616806
531200,737,0.1,-902.1794893685728,200.0,2861,0.014246799051761627
531400,738,0.1,-130.45997858047485,104.0,30,0.01208664570003748
531600,738,0.1,-409.0597472190857,133.0,1112,0.009534254670143127
531800,738,0.1,-634.9395854473114,101.0,2221,0.010906437411904335
532000,738,0.1,-901.4294188022614,104.0,3314,0.009914224967360497
532200,739,0.1,-259.75990253686905,140.0,421,0.018008295446634293
532400,739,0.1,-463.59967333078384,94.0,1549,0.009613823145627975
532600,739,0.1,-718.4894877076149,98.0,2666,0.010327717289328575
532800,739,0.1,-968.7193213105202,86.0,3779,0.00640234025195241
533000,740,0.1,-384.45985674113035,157.0,882,0.007782714441418648
533200,740,0.1,-612.309657804668,130.0,1991,0.008733688853681087
533400,740,0.1,-831.9895279332995,93.0,3107,0.010660410858690739
533600,741,0.1,-165.58995108865201,89.0,199,0.010782027617096901
533800,741,0.1,-430.96974234841764,101.0,1321,0.06166914477944374
534000,741,0.1,-759.0895481612533,174.0,2450,0.014408200979232788
534200,741,0.1,-989.859349777922,160.0,3549,0.0125169912353158
534400,742,0.1,-283.89996847324073,94.0,648,0.01319627184420824
534600,742,0.1,-572.6898268144578,101.0,1772,0.013285025022923946
534800,742,0.1,-865.3697241228074,119.0,2863,0.008614852093160152
535000,743,0.1,-109.07999801635742,81.0,29,0.009962521493434906
535200,743,0.1,-389.33988332748413,81.0,1124,0.01782766729593277
535400,743,0.1,-625.1197736263275,46.0,2233,0.018606796860694885
535600,743,0.1,-944.9896638393402,92.0,3308,0.5269225239753723
535800,744,0.1,-255.11994492448866,117.0,421,0.01335693895816803
536000,744,0.1,-548.719794863835,131.0,1549,0.015045355074107647
536200,744,0.1,-734.2996717635542,41.0,2668,0.05490339547395706
536400,744,0.1,-1082.0894862357527,113.0,3780,0.02254333905875683
536600,745,0.1,-338.1998726967722,82.0,879,0.025474093854427338
536800,745,0.1,-649.289851391688,99.0,1992,0.013779815286397934
537000,745,0.1,-932.7797305230051,104.0,3105,0.007142627611756325
537200,746,0.1,-259.6099909488112,173.0,203,0.020227836444973946
537400,746,0.1,-477.5198744479567,109.0,1328,0.010142210870981216
537600,746,0.1,-799.6397751513869,140.0,2445,0.016450684517621994
537800,746,0.1,-1071.0596753302962,138.0,3535,0.033053766936063766
538000,747,0.1,-307.2698988560587,109.0,646,0.011971098370850086
538200,747,0.1,-600.2798292282969,109.0,1769,0.013601128943264484
538400,747,0.1,-860.8197104576975,99.0,2871,0.007560413796454668
538600,748,0.1,-112.99998730421066,86.0,27,0.010818197391927242
538800,748,0.1,-368.49978989362717,97.0,1118,0.008949512615799904
539000,748,0.1,-628.3496043086052,108.0,2224,0.015227986499667168
539200,748,0.1,-887.4594623446465,108.0,3317,0.007890522480010986
539400,749,0.1,-246.18992692232132,127.0,424,0.013878864236176014
539600,749,0.1,-449.1797555088997,77.0,1544,0.01570378802716732
539800,749,0.1,-731.2795341610909,114.0,2661,0.015666207298636436
540000,749,0.1,-953.4493425488472,89.0,3771,0.08670096099376678
540200,750,0.1,-380.4898498021066,156.0,879,0.013218915089964867
540400,750,0.1,-655.2795870266855,188.0,1986,0.009991592727601528
540600,750,0.1,-826.6492936573923,138.0,3101,0.00798353087157011
540800,751,0.1,-286.8299367111176,222.0,197,0.06804344803094864
541000,751,0.1,-461.54961845092475,165.0,1320,0.012794623151421547
541200,751,0.1,-675.7893211524934,154.0,2450,0.00867035984992981
541400,751,0.1,-816.9490167777985,59.0,3537,0.007721065077930689
541600,752,0.1,-263.1998399775475,100.0,654,0.007552412338554859
541800,752,0.1,-610.909531025216,212.0,1761,0.007544281426817179
542000,752,0.1,-766.9692439120263,140.0,2863,0.014487821608781815
542200,753,0.1,-102.68997320532799,81.0,27,0.007478891406208277
542400,753,0.1,-384.68981632590294,111.0,1125,0.011042528785765171
542600,753,0.1,-707.2096932828426,161.0,2231,0.008444585837423801
542800,753,0.1,-964.189581245184,152.0,3313,0.010183286853134632
543000,754,0.1,-281.0899690054357,146.0,422,0.009950085543096066
543200,754,0.1,-471.2498169802129,61.0,1543,0.008841389790177345
543400,754,0.1,-739.2696696184576,67.0,2670,0.008468829095363617
543600,754,0.1,-1056.479496564716,111.0,3776,0.007359650917351246
543800,755,0.1,-305.5698838196695,59.0,888,0.00932985171675682
544000,755,0.1,-583.2597179375589,75.0,1992,0.008489754050970078
544200,755,0.1,-878.579613443464,108.0,3109,0.006204698234796524
544400,756,0.1,-138.63996088132262,64.0,201,0.010411744937300682
544600,756,0.1,-439.76977026090026,111.0,1318,0.009790093638002872
544800,756,0.1,-736.6296585761011,145.0,2452,0.015927337110042572
545000,756,0.1,-953.6694644652307,114.0,3542,0.009727397933602333
545200,757,0.1,-289.3099546674639,92.0,647,0.018104491755366325
545400,757,0.1,-561.5197611097246,112.0,1765,0.013130642473697662
545600,757,0.1,-793.9995584730059,86.0,2868,0.013167468830943108
545800,758,0.1,-120.94998159259558,98.0,31,0.009515097364783287
546000,758,0.1,-397.07982387393713,114.0,1124,0.018266040831804276
546200,758,0.1,-660.0896657928824,129.0,2230,0.010694065131247044
546400,758,0.1,-898.2695423588157,103.0,3315,0.016802730038762093
546600,759,0.1,-271.2599691748619,141.0,426,0.05062510445713997
546800,759,0.1,-484.9897982478142,91.0,1543,0.015069489367306232
547000,759,0.1,-810.6297077536583,153.0,2668,0.008903070352971554
547200,759,0.1,-1025.269557416439,95.0,3777,0.010374774225056171
547400,760,0.1,-331.31990897655487,93.0,881,0.012562001124024391
547600,760,0.1,-626.8297981023788,124.0,1993,0.01780327782034874
547800,760,0.1,-907.8997210264206,133.0,3107,0.010797619819641113
548000,761,0.1,-186.09997003898025,109.0,202,0.01717338338494301
548200,761,0.1,-468.9499027095735,119.0,1331,0.009999186731874943
548400,761,0.1,-766.0398418270051,131.0,2447,0.08190203458070755
548600,761,0.1,-1024.0197429023683,96.0,3545,0.01538444310426712
548800,762,0.1,-267.81992452964187,64.0,643,0.021297471597790718
549000,762,0.1,-575.2098361812532,74.0,1768,0.01375536061823368
549200,762,0.1,-904.4697601161897,111.0,2868,0.013798823580145836
549400,763,0.1,-96.09000977315009,60.0,27,0.01764325052499771
549600,763,0.1,-458.7199140433222,131.0,1119,0.019502002745866776
549800,763,0.1,-726.2398372534662,105.0,2225,0.023847922682762146
550000,763,0.1,-997.6397124174982,86.0,3315,0.014598180539906025
550200,764,0.1,-257.8499821051955,111.0,419,0.023896474391222
550400,764,0.1,-537.5199077948928,115.0,1542,0.010214933194220066
550600,764,0.1,-749.2296226844192,103.0,2663,0.010909659788012505
550800,764,0.1,-1028.6693333014846,165.0,3781,0.009311655536293983
551000,765,0.1,-331.63971128873527,143.0,883,0.009121927432715893
551200,765,0.1,-592.5493530314416,185.0,1997,0.008138702251017094
551400,765,0.1,-722.8290306609124,94.0,3108,0.00688218092545867
551600,766,0.1,-187.33988725952804,125.0,197,0.012648186646401882
551800,766,0.1,-512.5394903402776,230.0,1323,0.007258382625877857
552000,766,0.1,-588.7391668539494,86.0,2439,0.010683223605155945
552200,766,0.1,-857.758907912299,135.0,3536,0.007708724122494459
552400,767,0.1,-315.51975134015083,160.0,655,0.010319819673895836
552600,767,0.1,-513.2595403492451,125.0,1766,0.006449413485825062
552800,767,0.1,-748.3392799198627,125.0,2865,0.00821226742118597
553000,768,0.1,-147.71000137738883,122.0,29,0.010180771350860596
553200,768,0.1,-352.09971943311393,98.0,1123,0.016643602401018143
553400,768,0.1,-563.3795150797814,67.0,2220,0.015563219785690308
553600,768,0.1,-871.0192965548486,141.0,3317,0.011304739862680435
553800,769,0.1,-294.07982382178307,188.0,417,0.07768864184617996
554000,769,0.1,-515.8695887029171,170.0,1546,0.007195251993834972
554200,769,0.1,-716.2793281972408,126.0,2660,0.0071111503057181835
554400,769,0.1,-900.6192253530025,41.0,3779,0.01705670915544033
554600,770,0.1,-386.85987821035087,115.0,880,0.01589873991906643
554800,770,0.1,-700.8498064558953,134.0,1994,0.018418259918689728
555000,770,0.1,-961.5296851675957,105.0,3108,0.016915950924158096
555200,771,0.1,-169.63000076636672,76.0,203,0.011617351323366165
555400,771,0.1,-544.2298981510103,156.0,1327,0.016287626698613167
555600,771,0.1,-754.9997906051576,71.0,2458,0.024636870250105858
555800,771,0.1,-1082.5796887241304,99.0,3544,0.02114551141858101
556000,772,0.1,-314.4599044881761,105.0,661,0.0311487577855587
556200,772,0.1,-598.1398649774492,96.0,1762,0.014924375340342522
556400,772,0.1,-963.3297875486314,180.0,2871,0.036763422191143036
556600,773,0.1,-97.92998617701232,70.0,25,0.08476950228214264
556800,773,0.1,-432.50986212305725,120.0,1123,0.01442733034491539
557000,773,0.1,-648.8096958976239,75.0,2220,0.03124893456697464
557200,773,0.1,-876.3396210055798,31.0,3319,0.028449799865484238
557400,774,0.1,-305.32998796738684,167.0,415,0.025996336713433266
557600,774,0.1,-516.9497866276652,104.0,1549,0.0252948347479105
557800,774,0.1,-798.5096420887858,108.0,2668,0.04368225112557411
558000,774,0.1,-1092.8695160988718,123.0,3774,0.026450879871845245
558200,775,0.1,-360.3198576569557,107.0,886,0.015236579813063145
558400,775,0.1,-646.5296545624733,135.0,1999,0.00914941169321537
558600,775,0.1,-930.0493133664131,203.0,3092,0.006844477262347937
558800,776,0.1,-165.37990367412567,101.0,197,0.005953622981905937
559000,776,0.1,-477.1496101617813,192.0,1319,0.03160785138607025
559200,776,0.1,-774.4492393732071,267.0,2445,0.010483766905963421
559400,776,0.1,-942.3989154100418,208.0,3536,0.015560314059257507
559600,777,0.1,-367.5697892308235,211.0,645,0.01194978691637516
559800,777,0.1,-459.8794510960579,73.0,1762,0.00788890291005373
560000,777,0.1,-789.8891413807869,182.0,2865,0.009022459387779236
560200,778,0.1,-162.1199916563928,141.0,25,0.008235489949584007
560400,778,0.1,-397.6097527705133,134.0,1122,0.012665918096899986
560600,778,0.1,-608.1295913420618,90.0,2227,0.013211194425821304
560800,778,0.1,-927.6293820105493,159.0,3319,0.019167304039001465
561000,779,0.1,-254.66993674263358,120.0,419,0.010784529149532318
561200,779,0.1,-529.1898165605962,131.0,1551,0.01776890456676483
561400,779,0.1,-759.7595988176763,103.0,2672,0.011037768796086311
561600,779,0.1,-1034.7293644808233,120.0,3777,0.0106043154373765
561800,780,0.1,-381.8198265116662,154.0,882,0.01728169620037079
562000,780,0.1,-634.9597028773278,127.0,1993,0.01966020092368126
562200,780,0.1,-900.4495185893029,126.0,3109,0.010160451754927635
562400,781,0.1,-268.0700189154595,176.0,193,0.02088969759643078
562600,781,0.1,-536.2098454516381,158.0,1319,0.013972997665405273
562800,781,0.1,-792.119745163247,129.0,2452,0.017994388937950134
563000,781,0.1,-1001.3996171038598,69.0,3546,0.01418893039226532
563200,782,0.1,-291.0599515400827,87.0,655,0.017618775367736816
563400,782,0.1,-619.2798221074045,125.0,1770,0.018471723422408104
563600,782,0.1,-852.3097388707101,73.0,2866,0.014587596990168095
563800,783,0.1,-90.05998518504202,63.0,31,0.013189717195928097
564000,783,0.1,-395.249931121245,87.0,1123,0.01833615079522133
564200,783,0.1,-733.9797737840563,144.0,2226,0.04840200021862984
564400,783,0.1,-973.2196467164904,122.0,3314,0.014323325827717781
564600,784,0.1,-254.8099246621132,125.0,421,0.012557306326925755
564800,784,0.1,-497.99976831674576,114.0,1541,0.035589419305324554
565000,784,0.1,-715.8296709656715,72.0,2663,0.013855214230716228
565200,784,0.1,-1038.6594887375832,135.0,3776,0.015758611261844635
565400,785,0.1,-352.2398432455957,112.0,886,0.0158075038343668
565600,785,0.1,-733.3996752463281,239.0,1999,0.02026417851448059
565800,785,0.1,-928.259538050741,162.0,3110,0.05695105716586113
566000,786,0.1,-187.36995666474104,110.0,206,0.008974593132734299
566200,786,0.1,-473.59979074448347,140.0,1324,0.017792942002415657
566400,786,0.1,-687.1696688458323,95.0,2452,0.011673931032419205
566600,786,0.1,-1116.329516582191,264.0,3542,0.01594112068414688
566800,787,0.1,-296.529918698594,109.0,653,0.013925110921263695
567000,787,0.1,-535.9598005097359,79.0,1770,0.010741310194134712
567200,787,0.1,-831.1896708291024,106.0,2868,0.16086284816265106
567400,788,0.1,-125.26999773085117,95.0,27,0.018933124840259552
567600,788,0.1,-359.56979931890965,65.0,1128,0.011678683571517467
567800,788,0.1,-654.1397284418344,83.0,2230,0.013459094800055027
568000,788,0.1,-853.94960488379,21.0,3311,0.013729686848819256
568200,789,0.1,-240.14992120303214,102.0,421,0.01753547415137291
568400,789,0.1,-499.4197242502123,94.0,1542,0.036163754761219025
568600,789,0.1,-754.0596037153155,76.0,2665,0.007844945415854454
568800,789,0.1,-1052.5694010499865,104.0,3775,0.011472497135400772
569000,790,0.1,-383.279856948182,144.0,881,0.009449864737689495
569200,790,0.1,-631.3697541039437,122.0,1999,0.01932147704064846
569400,790,0.1,-935.4996106904,166.0,3098,0.014583561569452286
569600,791,0.1,-186.16997682116926,107.0,202,0.010366665199398994
569800,791,0.1,-548.7098628189415,205.0,1325,0.010938502848148346
570000,791,0.1,-679.2896779682487,63.0,2447,0.010616274550557137
570200,791,0.1,-1004.4795492794365,122.0,3549,0.01093608234077692
570400,792,0.1,-290.2899658307433,88.0,648,0.04452311992645264
570600,792,0.1,-597.2399537190795,105.0,1771,0.01792047545313835
570800,792,0.1,-902.609917126596,120.0,2864,0.026882916688919067
571000,793,0.1,-83.95999669656157,56.0,30,0.017431749030947685
571200,793,0.1,-404.19997238740325,94.0,1127,0.337266743183136
571400,793,0.1,-651.119872327894,48.0,2230,0.025339921936392784
571600,793,0.1,-995.8397622071207,95.0,3317,0.010924587957561016
571800,794,0.1,-193.06000936031342,49.0,420,0.01919635199010372
572000,794,0.1,-619.1298850774765,188.0,1552,0.01520640216767788
572200,794,0.1,-793.4198464155197,70.0,2668,0.018558328971266747
572400,794,0.1,-1135.4697431325912,132.0,3782,0.015064269304275513
572600,795,0.1,-322.5698221884668,79.0,877,0.015110643580555916
572800,795,0.1,-569.4997128210962,55.0,1993,0.02771809883415699
573000,795,0.1,-904.509601470083,118.0,3106,0.021460097283124924
573200,796,0.1,-203.87992959842086,132.0,200,0.08509182184934616
573400,796,0.1,-465.84974056109786,133.0,1322,0.01702415756881237
573600,796,0.1,-762.8195572458208,163.0,2455,0.01428573951125145
573800,796,0.1,-918.3193822465837,62.0,3547,0.011207105591893196
574000,797,0.1,-312.5899097919464,125.0,653,0.012530829757452011
574200,797,0.1,-588.0097539424896,130.0,1769,0.014427322894334793
574400,797,0.1,-832.8096258640289,118.0,2868,0.0156899131834507
574600,798,0.1,-121.56999736651778,91.0,32,0.026141013950109482
574800,798,0.1,-355.2597742639482,63.0,1118,0.01018582098186016
575000,798,0.1,-648.3596077524126,93.0,2219,0.014228807762265205
575200,798,0.1,-935.9494999013841,115.0,3311,0.05588534101843834
575400,799,0.1,-204.31994005851448,71.0,419,0.019535627216100693
575600,799,0.1,-491.5997388046235,89.0,1536,0.013985775411128998
575800,799,0.1,-749.3796240966767,79.0,2662,0.014423292130231857
576000,799,0.1,-1033.2694627922028,91.0,3774,0.011853122152388096
576200,800,0.1,-358.2998687271029,121.0,887,0.019864114001393318
576400,800,0.1,-610.6297658924013,97.0,1996,0.01610577292740345
576600,800,0.1,-884.4896148685366,96.0,3102,0.010442055761814117
576800,801,0.1,-146.86999937705696,56.0,204,0.016003131866455078
577000,801,0.1,-461.78989073447883,90.0,1328,0.015184126794338226
577200,801,0.1,-722.7198025863618,71.0,2450,0.01829880103468895
577400,801,0.1,-1088.2196933906525,153.0,3550,0.01670575700700283
577600,802,0.1,-305.3799338620156,115.0,648,0.01279990654438734
577800,802,0.1,-562.5698423665017,70.0,1762,0.01583804003894329
578000,802,0.1,-919.9997110646218,149.0,2862,0.018055299296975136
578200,803,0.1,-116.85000896267593,87.0,25,0.017138896510004997
578400,803,0.1,-373.45989370159805,74.0,1124,0.06282762438058853
578600,803,0.1,-614.8097324352711,62.0,2234,0.009018820710480213
578800,803,0.1,-912.6595869045705,108.0,3314,0.016625581309199333
579000,804,0.1,-267.38995036296546,144.0,416,0.005548425018787384
579200,804,0.1,-475.27973803691566,101.0,1541,0.012687178328633308
579400,804,0.1,-742.9195526521653,111.0,2669,0.019169526174664497
579600,804,0.1,-1035.429407922551,148.0,3777,0.01042618602514267
579800,805,0.1,-319.049773927778,93.0,884,0.014844232238829136
580000,805,0.1,-645.1895782910287,169.0,1997,0.008754205889999866
580200,805,0.1,-794.3393647633493,69.0,3109,0.009925895370543003
580400,806,0.1,-126.03992172330618,52.0,197,0.010552910156548023
580600,806,0.1,-509.2397780045867,188.0,1322,0.11866959184408188
580800,806,0.1,-670.3396043404937,95.0,2446,0.01231701672077179
581000,806,0.1,-945.8995174989104,123.0,3542,0.007260539103299379
581200,807,0.1,-285.53984468616545,102.0,651,0.012178086675703526
581400,807,0.1,-502.9496475998312,69.0,1773,0.12934918701648712
581600,807,0.1,-779.0894915405661,89.0,2870,0.008995231240987778
581800,808,0.1,-105.74999800138175,81.0,26,0.010411280207335949
582000,808,0.1,-372.8098269980401,90.0,1122,0.008146735839545727
582200,808,0.1,-677.1296559851617,135.0,2226,0.011314375326037407
582400,808,0.1,-914.919531730935,103.0,3311,0.013347272761166096
582600,809,0.1,-217.199977517128,78.0,419,0.012074860744178295
582800,809,0.1,-470.61987936496735,64.0,1544,0.01782606914639473
583000,809,0.1,-724.6997476816177,53.0,2660,0.008797350339591503
583200,809,0.1,-1004.849566578865,72.0,3775,0.011234352365136147
583400,810,0.1,-385.6198972463608,147.0,883,0.01373258139938116
583600,810,0.1,-628.9497517347336,123.0,1997,0.008031167089939117
583800,810,0.1,-799.9796446561813,27.0,3107,0.009998352266848087
584000,811,0.1,-162.10997772216797,77.0,200,0.01263136975467205
584200,811,0.1,-511.6498556137085,159.0,1320,0.013548849150538445
584400,811,0.1,-780.7097764015198,158.0,2445,0.011832070536911488
584600,811,0.1,-1037.699642419815,147.0,3533,0.011749270372092724
584800,812,0.1,-277.799933552742,93.0,643,0.011643024161458015
585000,812,0.1,-564.1298490762711,106.0,1767,0.010252385400235653
585200,812,0.1,-854.1497188806534,134.0,2867,0.01669556275010109
585400,813,0.1,-130.69000589847565,103.0,29,0.012508660554885864
585600,813,0.1,-380.35986053943634,86.0,1125,0.022729596123099327
585800,813,0.1,-675.27971804142,121.0,2227,0.013217661529779434
586000,813,0.1,-968.3695040941238,150.0,3318,0.009409469552338123
586200,814,0.1,-276.17995694093406,150.0,423,0.009349528700113297
586400,814,0.1,-514.369755057618,143.0,1538,0.018163809552788734
586600,814,0.1,-806.8594162743539,232.0,2662,0.010888190940022469
586800,814,0.1,-1175.8689992707223,407.0,3765,0.009097438305616379
587000,815,0.1,-301.9796813055873,117.0,880,0.018830984830856323
587200,815,0.1,-589.2792966887355,212.0,1993,0.056918200105428696
587400,815,0.1,-656.2790206000209,90.0,3094,0.013297964818775654
587600,816,0.1,-178.1599160414189,116.0,195,0.016212839633226395
587800,816,0.1,-421.2695513945073,157.0,1315,0.012607304379343987
588000,816,0.1,-651.4691325407475,188.0,2444,0.016017824411392212
588200,816,0.1,-835.3988057356328,179.0,3544,0.017417196184396744
588400,817,0.1,-270.4297625385225,115.0,651,0.015384489670395851
588600,817,0.1,-508.30957048758864,89.0,1768,0.019515547901391983
588800,817,0.1,-784.2393800579011,103.0,2864,0.01175717543810606
589000,818,0.1,-79.7699747364968,54.0,27,0.011375593952834606
589200,818,0.1,-445.9898200314492,172.0,1122,0.00935160182416439
589400,818,0.1,-627.3197398465127,80.0,2224,0.01381747517734766
589600,818,0.1,-896.2595742028207,100.0,3314,0.012396616861224174
589800,819,0.1,-269.1599037013948,141.0,424,0.01092649344354868
590000,819,0.1,-453.85976522788405,56.0,1540,0.011529520153999329
590200,819,0.1,-803.7596756778657,156.0,2658,0.01764901541173458
590400,819,0.1,-989.049575265497,67.0,3781,0.0123175960034132
590600,820,0.1,-370.0099252369255,110.0,883,0.01838153414428234
590800,820,0.1,-662.5997680332512,116.0,1994,0.014695328660309315
591000,820,0.1,-901.3596347477287,88.0,3104,0.017727024853229523
591200,821,0.1,-153.93998488225043,73.0,206,0.01303507387638092
591400,821,0.1,-460.62981995381415,100.0,1331,0.011059642769396305
591600,821,0.1,-763.1297312621027,128.0,2450,0.013823190703988075
591800,821,0.1,-1051.1295314673334,146.0,3544,0.007936074398458004
592000,822,0.1,-281.06991147622466,87.0,660,0.00940307229757309
592200,822,0.1,-583.3197081051767,123.0,1767,0.011189520359039307
592400,822,0.1,-847.6496040783823,105.0,2868,0.01766139268875122
592600,823,0.1,-147.13001337461174,115.0,29,0.020667169243097305
592800,823,0.1,-351.0598804038018,36.0,1124,0.02856278233230114
593000,823,0.1,-736.1898385565728,140.0,2235,0.02657080814242363
593200,823,0.1,-935.989714531228,53.0,3320,0.019524071365594864
593400,824,0.1,-260.05999862216413,104.0,425,0.029633905738592148
593600,824,0.1,-525.9999438431114,82.0,1545,0.02610221691429615
593800,824,0.1,-894.1998592521995,164.0,2665,0.01795038767158985
594000,824,0.1,-1167.6397715713829,154.0,3778,0.023015206679701805
594200,825,0.1,-352.0899100266397,94.0,887,0.026578601449728012
594400,825,0.1,-603.7597863636911,73.0,1999,0.019150078296661377
594600,825,0.1,-956.3996522389352,174.0,3105,0.01295497640967369
594800,826,0.1,-194.45994350127876,120.0,193,0.01788572035729885
595000,826,0.1,-505.8997690360993,178.0,1328,0.009769522584974766
595200,826,0.1,-749.3595864456147,161.0,2448,0.015187844634056091
595400,826,0.1,-950.3394868057221,99.0,3536,0.015885092318058014
595600,827,0.1,-305.97986319102347,127.0,652,0.016440749168395996
595800,827,0.1,-505.67969133891165,66.0,1769,0.011652662418782711
596000,827,0.1,-803.2995548490435,98.0,2868,0.018299542367458344
596200,828,0.1,-160.4799713473767,136.0,28,0.020321587100625038
596400,828,0.1,-432.6497744899243,158.0,1122,0.011378699913620949
596600,828,0.1,-633.2795080523938,115.0,2228,0.020334117114543915
596800,828,0.1,-838.4992069583386,87.0,3316,0.0212253425270319
597000,829,0.1,-231.08987294510007,111.0,418,0.018451733514666557
597200,829,0.1,-445.4396246559918,81.0,1553,0.017957564443349838
597400,829,0.1,-736.1693986542523,123.0,2669,0.01275427732616663
597600,829,0.1,-944.7191985733807,83.0,3783,0.010101650841534138
597800,830,0.1,-330.4597695749253,109.0,884,0.025228191167116165
598000,830,0.1,-628.7895263116807,164.0,1993,0.017945269122719765
598200,830,0.1,-807.0493095796555,86.0,3105,0.1008770689368248
598400,831,0.1,-169.4599710572511,89.0,198,0.07376474887132645
598600,831,0.1,-522.0197852719575,182.0,1323,0.010912450030446053
598800,831,0.1,-662.4196280110627,56.0,2448,0.009444980882108212
599000,831,0.1,-939.3494464028627,80.0,3548,0.017088543623685837
599200,832,0.1,-315.3699678145349,115.0,655,0.011764215305447578
599400,832,0.1,-536.9398215971887,78.0,1762,0.010937152430415154
599600,832,0.1,-819.2796729765832,97.0,2863,0.009119389578700066
599800,833,0.1,-94.53998660668731,73.0,26,0.009681199677288532
600000,833,0.1,-380.22985338792205,109.0,1125,0.014124356210231781
600200,833,0.1,-631.7796494923532,106.0,2224,0.013948989100754261
600400,833,0.1,-888.1795463524759,87.0,3314,0.018130043521523476
600600,834,0.1,-293.4599938672036,156.0,423,0.014070577919483185
600800,834,0.1,-518.7799129765481,98.0,1546,0.017225181683897972
601000,834,0.1,-818.1198187153786,104.0,2660,0.014535807073116302
601200,834,0.1,-1083.1297033112496,91.0,3780,0.011791614815592766
601400,835,0.1,-294.6499558649957,38.0,881,0.009858272969722748
601600,835,0.1,-588.199903126806,47.0,1995,0.025558024644851685
601800,835,0.1,-916.549811001867,98.0,3108,0.016430484130978584
602000,836,0.1,-154.8699921052903,64.0,206,0.009138759225606918
602200,836,0.1,-544.9798859041184,165.0,1325,0.013693184591829777
602400,836,0.1,-751.709720460698,105.0,2455,0.01441049762070179
602600,836,0.1,-975.9194677751511,92.0,3538,0.007696653716266155
602800,837,0.1,-235.63979171961546,74.0,657,0.016736619174480438
603000,837,0.1,-552.8694670125842,159.0,1763,0.02008940279483795
603200,837,0.1,-856.9392559453845,221.0,2870,0.01334541104733944
603400,838,0.1,-177.51996656693518,154.0,28,0.01259458065032959
603600,838,0.1,-340.74964281357825,82.0,1115,0.009461970999836922
603800,838,0.1,-593.6193575505167,106.0,2220,0.013379056006669998
604000,838,0.1,-896.7291030529886,168.0,3317,0.01038697361946106
604200,839,0.1,-279.1498778052628,171.0,419,0.00975173432379961
604400,839,0.1,-474.7796292491257,120.0,1550,0.015219655819237232
604600,839,0.1,-688.7794747538865,73.0,2668,0.007188846357166767
604800,839,0.1,-1009.9993057437241,134.0,3775,0.007341522257775068
605000,840,0.1,-353.3198388405144,127.0,882,0.014362290501594543
605200,840,0.1,-628.3497882671654,129.0,1991,0.14584526419639587
605400,840,0.1,-876.9496045894921,116.0,3109,0.0100640207529068
605600,841,0.1,-177.6499664466828,101.0,196,0.008369993418455124
605800,841,0.1,-462.95980760268867,123.0,1325,0.009231732226908207
606000,841,0.1,-702.6396486442536,97.0,2449,0.017390897497534752
606200,841,0.1,-975.9094407241791,106.0,3541,0.017458194866776466
606400,842,0.1,-279.2298602126539,95.0,655,0.014855604618787766
606600,842,0.1,-532.1096972487867,72.0,1766,0.015299249440431595
606800,842,0.1,-892.8295463584363,153.0,2869,0.01785225048661232
607000,843,0.1,-84.11999758146703,54.0,26,0.014595849439501762
607200,843,0.1,-371.7198344077915,74.0,1119,0.00890708714723587
607400,843,0.1,-699.8996747341007,126.0,2227,0.014618946239352226
607600,843,0.1,-986.1194637622684,149.0,3315,0.05861932039260864
607800,844,0.1,-258.32992019690573,126.0,420,0.009231848642230034
608000,844,0.1,-493.0297769550234,91.0,1549,0.014791347086429596
608200,844,0.1,-756.039610767737,85.0,2661,0.013354640454053879
608400,844,0.1,-1029.5494643691927,94.0,3779,0.021175410598516464
608600,845,0.1,-346.02988338284194,100.0,880,0.021447699517011642
608800,845,0.1,-596.5597157459706,79.0,1997,0.013682853430509567
609000,845,0.1,-941.4395630341023,154.0,3108,0.014688372611999512
609200,846,0.1,-199.8699797615409,118.0,199,0.012290285900235176
609400,846,0.1,-493.46984519809484,150.0,1324,0.011283286847174168
609600,846,0.1,-671.4896186813712,66.0,2449,0.018800552934408188
609800,846,0.1,-1044.9194416031241,173.0,3538,0.01974940113723278
610000,847,0.1,-280.4499016664922,88.0,650,0.013532327488064766
610200,847,0.1,-547.4897514246404,86.0,1765,0.013485133647918701
610400,847,0.1,-882.199554529041,152.0,2867,0.01423985417932272
610600,848,0.1,-67.94000834226608,41.0,25,0.008377554826438427
610800,848,0.1,-364.1498095393181,82.0,1124,0.013891608454287052
611000,848,0.1,-653.6396169066429,117.0,2218,0.014285163022577763
611200,848,0.1,-930.389446914196,138.0,3322,0.012233979068696499
611400,849,0.1,-274.55991339311004,150.0,415,0.010685909539461136
611600,849,0.1,-482.42968010529876,105.0,1539,0.01003206241875887
611800,849,0.1,-722.6694819889963,90.0,2662,0.01422198861837387
612000,849,0.1,-1015.769201990217,132.0,3774,0.011511719785630703
612200,850,0.1,-384.0597599707544,162.0,886,0.015297099947929382
612400,850,0.1,-637.1695610247552,150.0,1993,0.011459136381745338
612600,850,0.1,-785.0894542895257,26.0,3105,0.010154969990253448
612800,851,0.1,-253.28995548933744,168.0,198,0.018260987475514412
613000,851,0.1,-472.71983134001493,118.0,1326,0.010916771367192268
613200,851,0.1,-788.8196872398257,162.0,2452,0.010413005948066711
613400,851,0.1,-983.1895326301455,75.0,3534,0.013582536950707436
613600,852,0.1,-313.64994558505714,129.0,660,0.01512812077999115
613800,852,0.1,-538.2898729722947,81.0,1761,0.010048983618617058
614000,852,0.1,-823.2196958940476,98.0,2861,0.016716040670871735
614200,853,0.1,-60.36998221091926,34.0,31,0.016574515029788017
614400,853,0.1,-430.5497550647706,149.0,1115,0.019925227388739586
614600,853,0.1,-657.3395123165101,127.0,2235,0.011596505530178547
614800,853,0.1,-923.719229189679,164.0,3320,0.01300878170877695
615000,854,0.1,-230.11987161636353,113.0,425,0.08007055521011353
615200,854,0.1,-536.1896090507507,174.0,1543,0.011255438439548016
615400,854,0.1,-764.3993287086487,177.0,2668,0.013154021464288235
615600,854,0.1,-899.8490285873413,72.0,3783,0.02090323157608509
615800,855,0.1,-336.599702835083,120.0,878,0.013312865979969501
616000,855,0.1,-646.899444103241,178.0,1993,0.008022353053092957
616200,855,0.1,-873.5391736030579,168.0,3112,0.008152982220053673
616400,856,0.1,-207.1500343196094,114.0,201,0.02345634624361992
616600,856,0.1,-494.63991917297244,129.0,1325,0.009805130772292614
616800,856,0.1,-828.1298931948841,178.0,2442,0.01520991325378418
617000,856,0.1,-1007.2598234526813,79.0,3535,0.01101081445813179
617200,857,0.1,-282.10990738496184,92.0,651,0.012857850641012192
617400,857,0.1,-542.0798037014902,82.0,1773,0.013275133445858955
617600,857,0.1,-853.1197115145624,118.0,2867,0.056053515523672104
617800,858,0.1,-149.04998683556914,121.0,28,0.010929983109235764
618000,858,0.1,-439.78987073525786,140.0,1124,0.07199044525623322
618200,858,0.1,-683.0197572670877,109.0,2229,0.09114132076501846
618400,858,0.1,-930.0697293244302,82.0,3324,0.3314182758331299
618600,859,0.1,-268.9599629919976,121.0,414,0.02356518618762493
618800,859,0.1,-566.6898953001946,119.0,1550,0.009531192481517792
619000,859,0.1,-815.9098049681634,78.0,2664,0.015550855547189713
619200,859,0.1,-1080.6297060530633,57.0,3778,0.013227003626525402
619400,860,0.1,-366.7199385724962,111.0,886,0.01388014666736126
619600,860,0.1,-654.4498723112047,120.0,1998,0.01564359851181507
619800,860,0.1,-927.5198286138475,106.0,3109,0.018300753086805344
620000,861,0.1,-207.63997151888907,127.0,204,0.013069432228803635
620200,861,0.1,-453.37989356555045,77.0,1324,0.025654137134552002
620400,861,0.1,-733.9398038629442,74.0,2446,0.037681180983781815
620600,861,0.1,-1038.1496761087328,108.0,3539,0.013068117201328278
620800,862,0.1,-289.109935939312,99.0,650,0.012695507146418095
621000,862,0.1,-597.7097756266594,131.0,1766,0.01466076634824276
621200,862,0.1,-911.3896285891533,170.0,2862,0.01098836399614811
621400,863,0.1,-127.42000871710479,97.0,29,0.014632959850132465
621600,863,0.1,-334.63985901884735,32.0,1126,0.017115699127316475
621800,863,0.1,-696.5697396378964,111.0,2221,0.011941973119974136
622000,863,0.1,-946.6896205525845,94.0,3316,0.012451233342289925
622200,864,0.1,-209.80993079580367,59.0,412,0.011654519475996494
622400,864,0.1,-476.4897365514189,48.0,1542,0.013960962183773518
622600,864,0.1,-825.2196516934782,124.0,2659,0.024932391941547394
622800,864,0.1,-1098.0195712987334,113.0,3780,0.0129594961181283
623000,865,0.1,-359.6199122648686,112.0,880,0.00960141234099865
623200,865,0.1,-637.21974289231,116.0,1999,0.014331545680761337
623400,865,0.1,-926.5596567373723,133.0,3104,0.007773238234221935
623600,866,0.1,-198.390023406595,108.0,205,0.012946079485118389
623800,866,0.1,-520.3099390827119,149.0,1334,0.12838363647460938
624000,866,0.1,-727.1798607669771,76.0,2449,0.01313212513923645
624200,866,0.1,-1027.5997397266328,109.0,3546,0.016524508595466614
624400,867,0.1,-335.5299670062959,139.0,659,0.012090731412172318
624600,867,0.1,-589.2998999916017,100.0,1769,0.014652494341135025
624800,867,0.1,-877.8197783790529,110.0,2868,0.010750439018011093
625000,868,0.1,-95.90999713353813,63.0,25,0.011469930410385132
625200,868,0.1,-377.11987796239555,59.0,1122,0.011244428344070911
625400,868,0.1,-696.3997680228204,94.0,2230,0.009190160781145096
625600,868,0.1,-956.6296893637627,62.0,3314,0.01585944928228855
625800,869,0.1,-224.0399933345616,81.0,426,0.006875409744679928
626000,869,0.1,-557.7998304851353,130.0,1543,0.01198531873524189
626200,869,0.1,-737.0697532184422,30.0,2671,0.007534167729318142
626400,869,0.1,-1134.7795730121434,156.0,3779,0.010165786370635033
626600,870,0.1,-327.2398699801415,108.0,882,0.006982997991144657
626800,870,0.1,-590.1895660441369,135.0,1996,0.006452297791838646
627000,870,0.1,-778.2892700713128,93.0,3104,0.00945594534277916
627200,871,0.1,-182.49997189454734,112.0,192,0.009431223385035992
627400,871,0.1,-412.83970597200096,118.0,1320,0.008046085946261883
627600,871,0.1,-640.5294113438576,108.0,2444,0.006466817110776901
627800,871,0.1,-887.0992021840066,123.0,3540,0.010180972516536713
628000,872,0.1,-295.2898611109704,135.0,646,0.004740098956972361
628200,872,0.1,-592.5595943015069,201.0,1763,0.011378718540072441
628400,872,0.1,-727.6694118063897,95.0,2868,0.03732501342892647
628600,873,0.1,-114.9199720621109,89.0,22,0.00738905556499958
628800,873,0.1,-396.4698313474655,104.0,1127,0.028799740597605705
629000,873,0.1,-651.539647936821,102.0,2230,0.007927928119897842
629200,873,0.1,-934.9394973516464,131.0,3319,0.005657968111336231
629400,874,0.1,-244.229895260185,111.0,421,0.010966979898512363
629600,874,0.1,-478.0996529124677,89.0,1546,0.003498518606647849
629800,874,0.1,-811.6495160125196,162.0,2671,0.006839532870799303
630000,874,0.1,-1056.779287006706,153.0,3774,0.007702230010181665
630200,875,0.1,-339.1598348580301,106.0,881,0.010825464501976967
630400,875,0.1,-572.5996546708047,65.0,2000,0.007660007104277611
630600,875,0.1,-872.6595632992685,74.0,3109,0.019505079835653305
630800,876,0.1,-143.03999095782638,57.0,203,0.011562447994947433
631000,876,0.1,-495.17987471446395,117.0,1324,0.008564379997551441
631200,876,0.1,-770.8997686468065,113.0,2453,0.009172202087938786
631400,876,0.1,-1027.5997140966356,88.0,3550,0.011444682255387306
631600,877,0.1,-283.32995080947876,76.0,657,0.012438667006790638
631800,877,0.1,-618.9898710250854,126.0,1770,0.013542914763092995
632000,877,0.1,-913.1697883605957,132.0,2867,0.013341831043362617
632200,878,0.1,-111.57999884709716,82.0,26,0.007843593135476112
632400,878,0.1,-420.6899436675012,99.0,1120,0.031542543321847916
632600,878,0.1,-657.8098732195795,45.0,2224,0.033179882913827896
632800,878,0.1,-957.2298108302057,50.0,3315,0.023470934480428696
633000,879,0.1,-209.9699631333351,72.0,417,0.09912186115980148
633200,879,0.1,-567.4098682999611,143.0,1545,0.028419362381100655
633400,879,0.1,-796.0997386574745,83.0,2668,0.026010802015662193
633600,879,0.1,-1091.6396203637123,84.0,3780,0.023927103728055954
633800,880,0.1,-386.42992165125906,117.0,881,0.029042135924100876
634000,880,0.1,-637.059777284041,79.0,1989,0.0667375922203064
634200,880,0.1,-943.1497113946825,79.0,3107,0.03256392478942871
634400,881,0.1,-205.91997727565467,123.0,201,0.015443316660821438
634600,881,0.1,-479.0098105352372,129.0,1323,0.1890684813261032
634800,881,0.1,-748.1596628110856,140.0,2442,0.01676720380783081
635000,881,0.1,-953.5994764249772,95.0,3539,0.014845543541014194
635200,882,0.1,-310.1099300943315,126.0,661,0.01228486280888319
635400,882,0.1,-575.189804609865,123.0,1767,0.016074288636446
635600,882,0.1,-847.2696424089372,133.0,2873,0.016696060076355934
635800,883,0.1,-97.0100083630532,68.0,29,0.009713999927043915
636000,883,0.1,-417.8699004929513,138.0,1121,0.007946028374135494
636200,883,0.1,-632.3696918766946,105.0,2223,0.01252850890159607
636400,883,0.1,-855.4095444958657,80.0,3317,0.01976897567510605
636600,884,0.1,-264.4199486337602,126.0,420,0.009737675078213215
636800,884,0.1,-580.3798935972154,159.0,1552,0.017361169680953026
637000,884,0.1,-757.4797032438219,55.0,2665,0.010163923725485802
637200,884,0.1,-1076.1096127592027,88.0,3777,0.01850731484591961
637400,885,0.1,-368.319932397455,115.0,884,0.017234956845641136
637600,885,0.1,-643.9698514305055,110.0,1991,0.011091504245996475
637800,885,0.1,-924.759747441858,112.0,3107,0.011781744658946991
638000,886,0.1,-116.07998716458678,28.0,203,0.014005138538777828
638200,886,0.1,-434.1698282919824,67.0,1327,0.014328055083751678
638400,886,0.1,-745.4595926962793,122.0,2444,0.019642112776637077
638600,886,0.1,-1045.0893415175378,175.0,3536,0.015180230140686035
638800,887,0.1,-298.40980492159724,141.0,645,0.01183557789772749
639000,887,0.1,-496.44954023882747,109.0,1758,0.015824807807803154
639200,887,0.1,-795.239285569638,177.0,2864,0.015577765181660652
639400,888,0.1,-105.12998449802399,79.0,25,0.017028549686074257
639600,888,0.1,-399.11974489688873,132.0,1118,0.02366892620921135
639800,888,0.1,-608.9194470643997,106.0,2224,0.013945454731583595
640000,888,0.1,-881.0191890001297,151.0,3305,0.012418432161211967
640200,889,0.1,-314.4398650173098,199.0,417,0.008856920525431633
640400,889,0.1,-461.27957906760275,99.0,1548,0.005942399613559246
640600,889,0.1,-704.5194648746401,78.0,2671,0.008462496101856232
640800,889,0.1,-1012.3793105129153,132.0,3778,0.01907571777701378
641000,890,0.1,-306.64989572763443,71.0,880,0.012334001250565052
641200,890,0.1,-617.9997797608376,120.0,1992,0.013784052804112434
641400,890,0.1,-886.1495886445045,130.0,3104,0.010155664756894112
641600,891,0.1,-146.3599872570485,68.0,202,0.01160391978919506
641800,891,0.1,-424.3298425655812,88.0,1320,0.007226534187793732
642000,891,0.1,-733.0296459179372,139.0,2447,0.008245025761425495
642200,891,0.1,-941.5394611340016,101.0,3543,0.020111452788114548
642400,892,0.1,-314.2499364297837,114.0,659,0.02417795918881893
642600,892,0.1,-542.2898312490433,73.0,1773,0.01099385879933834
642800,892,0.1,-888.4197905939072,138.0,2867,0.013995381072163582
643000,893,0.1,-144.57999336719513,112.0,28,0.01417782623320818
643200,893,0.1,-422.59981071949005,113.0,1119,0.015113934874534607
643400,893,0.1,-682.1097236871719,93.0,2222,0.009360912255942822
643600,893,0.1,-942.9396613836288,76.0,3324,0.01958690769970417
643800,894,0.1,-311.2399679981172,176.0,419,0.014690188691020012
644000,894,0.1,-491.10986560210586,73.0,1549,0.01869390718638897
644200,894,0.1,-768.6497160755098,83.0,2667,0.012792750261723995
644400,894,0.1,-1047.1095189414918,89.0,3774,0.011388637125492096
644600,895,0.1,-335.999897595495,99.0,887,0.011774403974413872
644800,895,0.1,-634.2297836504877,126.0,1995,0.010397282429039478
645000,895,0.1,-862.0197039805353,93.0,3112,0.009089362807571888
645200,896,0.1,-199.9599263947457,127.0,191,0.009402238763868809
645400,896,0.1,-414.3297937195748,75.0,1330,0.016732094809412956
645600,896,0.1,-677.8096118252724,83.0,2453,0.011735639534890652
645800,896,0.1,-974.9494493287057,124.0,3544,0.012213415466248989
646000,897,0.1,-300.2099212370813,111.0,658,0.021491950377821922
646200,897,0.1,-514.0398067198694,71.0,1768,0.015714040026068687
646400,897,0.1,-819.0296891890466,111.0,2863,0.008393257856369019
646600,898,0.1,-125.86998703889549,101.0,32,0.007941221818327904
646800,898,0.1,-323.7596926968545,69.0,1129,0.00794143509119749
647000,898,0.1,-622.569421319291,133.0,2230,0.010468418709933758
647200,898,0.1,-830.3092484753579,99.0,3311,0.008561467751860619
647400,899,0.1,-217.90996074303985,95.0,422,0.008441788144409657
647600,899,0.1,-466.68973683938384,91.0,1539,0.01094033569097519
647800,899,0.1,-827.6194963417947,208.0,2664,0.018106600269675255
648000,899,0.1,-1078.4392290078104,207.0,3775,0.017079493030905724
648200,900,0.1,-340.3398036900908,134.0,883,0.014527691528201103
648400,900,0.1,-542.4095978680998,97.0,1999,0.008171375840902328
648600,900,0.1,-805.4994995538145,93.0,3108,0.010620606131851673
648800,901,0.1,-170.74995543807745,95.0,205,0.00796586088836193
649000,901,0.1,-461.51987364143133,108.0,1327,0.007574903313070536
649200,901,0.1,-714.8797562345862,85.0,2450,0.0075032771565020084
649400,901,0.1,-988.419588111341,94.0,3546,0.010966996662318707
649600,902,0.1,-316.33991139754653,131.0,648,0.015913473442196846
649800,902,0.1,-558.4598049484193,100.0,1766,0.009420284070074558
650000,902,0.1,-780.899674590677,54.0,2870,0.013534098863601685
650200,903,0.1,-93.25999247841537,68.0,29,0.008336663246154785
650400,903,0.1,-371.36989939026535,63.0,1127,0.021590713411569595
650600,903,0.1,-707.9698525648564,99.0,2225,0.029262445867061615
650800,903,0.1,-977.0098038893193,75.0,3320,0.01806570589542389
651000,904,0.1,-223.77994745969772,76.0,416,0.016266122460365295
651200,904,0.1,-560.2699033617973,110.0,1543,0.02119070664048195
651400,904,0.1,-789.0298087000847,45.0,2672,0.018358303233981133
651600,904,0.1,-1086.8896550536156,56.0,3785,0.026121163740754128
651800,905,0.1,-437.28000098466873,165.0,883,0.01548153068870306
652000,905,0.1,-646.9098883271217,71.0,1999,0.0143960639834404
652200,905,0.1,-919.1497781872749,52.0,3111,0.02039399743080139
652400,906,0.1,-162.679951839149,83.0,204,0.01577933132648468
652600,906,0.1,-530.4697481915355,193.0,1327,0.015734244138002396
652800,906,0.1,-681.5296422764659,83.0,2451,0.01788323186337948
653000,906,0.1,-971.1894003674388,126.0,3550,0.02079482562839985
653200,907,0.1,-298.7599157653749,110.0,653,0.014600684866309166
653400,907,0.1,-607.0197517238557,156.0,1759,0.019553126767277718
653600,907,0.1,-839.3295904956758,128.0,2868,0.013890216127038002
653800,908,0.1,-82.76999386027455,54.0,29,0.01745857298374176
654000,908,0.1,-385.7997361011803,111.0,1118,0.012752886861562729
654200,908,0.1,-653.3895281143486,116.0,2229,0.013793175108730793
654400,908,0.1,-884.8793633766472,90.0,3319,0.01066142600029707
654600,909,0.1,-281.1799191124737,149.0,420,0.006567954085767269
654800,909,0.1,-514.1197699196637,124.0,1549,0.009119581431150436
655000,909,0.1,-767.7596467621624,129.0,2667,0.010214544832706451
655200,909,0.1,-1080.8895188458264,179.0,3785,0.02219361998140812
655400,910,0.1,-306.95980774611235,84.0,881,0.015542831271886826
655600,910,0.1,-556.3797062560916,75.0,1993,0.008958274498581886
655800,910,0.1,-849.6095417663455,121.0,3104,0.010199693962931633
656000,911,0.1,-192.4799853209406,114.0,197,0.010009725578129292
656200,911,0.1,-473.68986710347235,140.0,1321,0.01185761857777834
656400,911,0.1,-694.6197691801935,84.0,2450,0.012741356156766415
656600,911,0.1,-1053.899644697085,156.0,3539,0.01521333772689104
656800,912,0.1,-265.9299097619951,64.0,649,0.01848852075636387
657000,912,0.1,-558.7497857175767,78.0,1766,0.01738167367875576
657200,912,0.1,-918.1396163068712,158.0,2866,0.013137301430106163
657400,913,0.1,-107.68000024557114,76.0,28,0.01279463991522789
657600,913,0.1,-425.04984563589096,109.0,1121,0.016728240996599197
657800,913,0.1,-694.1997703909874,93.0,2228,0.021466271951794624
658000,913,0.1,-959.0696787238121,78.0,3317,0.01045974437147379
658200,914,0.1,-181.27995544299483,41.0,423,0.012364021502435207
658400,914,0.1,-549.4798441492021,123.0,1549,0.018153224140405655
658600,914,0.1,-836.6097531877458,126.0,2669,0.02154519408941269
658800,914,0.1,-1063.2696488462389,67.0,3778,0.026719307526946068
659000,915,0.1,-355.7598954439163,83.0,878,0.01248677633702755
659200,915,0.1,-632.6898175477982,74.0,1996,0.019269531592726707
659400,915,0.1,-929.9497286081314,91.0,3110,0.01872779056429863
659600,916,0.1,-148.28995901346207,66.0,200,0.01456387247890234
659800,916,0.1,-478.4698558449745,114.0,1321,0.016321979463100433
660000,916,0.1,-732.0997586846352,82.0,2448,0.016364719718694687
660200,916,0.1,-1034.449655354023,89.0,3534,0.013756426982581615
660400,917,0.1,-341.5799244027585,147.0,657,0.01162832323461771
660600,917,0.1,-586.9597070794553,139.0,1761,0.018187575042247772
660800,917,0.1,-817.1895769219846,110.0,2870,0.006497965194284916
661000,918,0.1,-151.449976650998,130.0,31,0.010078550316393375
661200,918,0.1,-344.2498404663056,69.0,1126,0.018129808828234673
661400,918,0.1,-767.4496705215424,230.0,2229,0.013849055394530296
661600,918,0.1,-891.7494887989014,96.0,3314,0.03846071660518646
661800,919,0.1,-272.1899300441146,141.0,418,0.02050313726067543
662000,919,0.1,-467.62972601503134,80.0,1542,0.016892272979021072
662200,919,0.1,-785.0895691737533,152.0,2661,0.016428159549832344
662400,919,0.1,-983.4193542823195,98.0,3775,0.013245698064565659
662600,920,0.1,-305.9497961308807,82.0,876,0.014752631075680256
662800,920,0.1,-605.2496608998626,129.0,1991,0.009519845247268677
663000,920,0.1,-814.1094810273498,84.0,3103,0.010924449190497398
663200,921,0.1,-161.89991986751556,86.0,196,0.014656111598014832
663400,921,0.1,-462.2896913290024,143.0,1318,0.014685718342661858
663600,921,0.1,-664.5394495725632,85.0,2447,0.0105491504073143
663800,921,0.1,-944.3492149114609,109.0,3544,0.08974002301692963
664000,922,0.1,-427.8898712079972,267.0,644,0.016096793115139008
664200,922,0.1,-500.4696823041886,85.0,1771,0.011038847267627716
664400,922,0.1,-851.7294865529984,201.0,2870,0.00997804943472147
664600,923,0.1,-137.28997159004211,115.0,31,0.010592392645776272
664800,923,0.1,-427.1597309112549,167.0,1119,0.026357801631093025
665000,923,0.1,-604.3795795440674,99.0,2227,0.009465917013585567
665200,923,0.1,-916.8293168544769,177.0,3311,0.010652417317032814
665400,924,0.1,-281.2498628459871,165.0,415,0.008280878886580467
665600,924,0.1,-420.25963800773025,56.0,1537,0.010538456961512566
665800,924,0.1,-760.5194198451936,155.0,2664,0.007227244786918163
666000,924,0.1,-992.2392155490816,143.0,3776,0.013211680576205254
666200,925,0.1,-269.61979690007865,55.0,880,0.0089565459638834
666400,925,0.1,-661.369685081765,176.0,1997,0.013625088147819042
666600,925,0.1,-895.4195794146508,121.0,3109,0.01519367378205061
666800,926,0.1,-173.28000062145293,78.0,197,0.011616108007729053
667000,926,0.1,-462.4398731533438,86.0,1324,0.010210280306637287
667200,926,0.1,-799.8197597805411,146.0,2450,0.014953714795410633
667400,926,0.1,-1021.9496626202017,81.0,3541,0.015006562694907188
667600,927,0.1,-282.19992404803634,80.0,655,0.014367458410561085
667800,927,0.1,-558.7798567377031,66.0,1764,0.018639327958226204
668000,927,0.1,-929.869698818773,152.0,2868,0.01602989435195923
668200,928,0.1,-141.60001486167312,111.0,31,0.018257388845086098
668400,928,0.1,-400.52994364127517,81.0,1121,0.015761040151119232
668600,928,0.1,-689.6698419414461,84.0,2225,0.020701758563518524
668800,928,0.1,-938.6197282634676,58.0,3317,0.017164289951324463
669000,929,0.1,-246.55997555702925,107.0,424,0.022773005068302155
669200,929,0.1,-496.70986311882734,75.0,1542,0.017542198300361633
669400,929,0.1,-808.1598085686564,95.0,2669,0.028665348887443542
669600,929,0.1,-1065.4396266266704,62.0,3781,0.017884720116853714
669800,930,0.1,-403.68991103582084,151.0,877,0.019363095983862877
670000,930,0.1,-653.5798372309655,111.0,1996,0.015199734829366207
670200,930,0.1,-914.7597180884331,102.0,3107,0.021873371675610542
670400,931,0.1,-192.29993279650807,126.0,202,0.013024762272834778
670600,931,0.1,-416.51959927752614,126.0,1321,0.010058783926069736
670800,931,0.1,-809.7292640991509,303.0,2441,0.0066864099353551865
671000,931,0.1,-837.7288654632866,118.0,3536,0.008802101947367191
671200,932,0.1,-263.7297884505242,117.0,648,0.0077039934694767
671400,932,0.1,-543.7294045966119,184.0,1761,0.01339932344853878
671600,932,0.1,-678.7190391104668,93.0,2857,0.011954725719988346
671800,933,0.1,-153.65998279862106,135.0,24,0.01367977075278759
672000,933,0.1,-440.2995334845036,200.0,1116,0.008287915028631687
672200,933,0.1,-650.7591577749699,192.0,2218,0.009499194100499153
672400,933,0.1,-786.2488456945866,106.0,3314,0.009479882195591927
672600,934,0.1,-303.8199063837528,175.0,413,0.010918708518147469
672800,934,0.1,-510.1798020899296,114.0,1542,0.01106930896639824
673000,934,0.1,-796.7095972597599,144.0,2661,0.013425737619400024
673200,934,0.1,-1003.9994460642338,92.0,3787,0.011267946101725101
673400,935,0.1,-346.4799146633595,112.0,882,0.009050710126757622
673600,935,0.1,-557.059781787917,59.0,1995,0.01051738578826189
673800,935,0.1,-877.7396528702229,126.0,3107,0.011433769017457962
674000,936,0.1,-159.22000738419592,73.0,198,0.009226605296134949
674200,936,0.1,-467.88985821045935,124.0,1332,0.009105614386498928
674400,936,0.1,-741.1697351578623,131.0,2443,0.01599382795393467
674600,936,0.1,-963.7596046570688,82.0,3540,0.018049977719783783
674800,937,0.1,-325.149940578267,124.0,651,0.011255869641900063
675000,937,0.1,-558.3797620218247,95.0,1756,0.015195156447589397
675200,937,0.1,-820.0196352880448,84.0,2863,0.00977721530944109
675400,938,0.1,-74.32000184059143,49.0,29,0.011887211352586746
675600,938,0.1,-343.9498202800751,54.0,1119,0.019226644188165665
675800,938,0.1,-676.56964802742,112.0,2225,0.008811058476567268
676000,938,0.1,-1000.8595569133759,165.0,3318,0.012442450039088726
676200,939,0.1,-223.08993601612747,88.0,417,0.01167486421763897
676400,939,0.1,-510.8597671967,116.0,1540,0.015061392448842525
676600,939,0.1,-713.1994545441121,76.0,2666,0.011689158156514168
676800,939,0.1,-983.39918541722,111.0,3777,0.037292130291461945
677000,940,0.1,-292.2597648464143,66.0,889,0.007085045799612999
677200,940,0.1,-573.7294866405427,106.0,2000,0.0076245833188295364
677400,940,0.1,-878.0592359863222,170.0,3102,0.012674370780587196
677600,941,0.1,-160.4499037526548,100.0,198,0.015602577477693558
677800,941,0.1,-488.0696480534971,186.0,1319,0.010504137724637985
678000,941,0.1,-620.8893349431455,82.0,2447,0.012370034120976925
678200,941,0.1,-941.2090542577207,161.0,3537,0.0116575350984931
678400,942,0.1,-334.2498710732907,155.0,644,0.007143429946154356
678600,942,0.1,-562.799694834277,126.0,1763,0.016635481268167496
678800,942,0.1,-796.0195367913693,108.0,2865,0.006554905790835619
679000,943,0.1,-73.03997844457626,50.0,29,0.011383049190044403
679200,943,0.1,-381.7597557902336,94.0,1120,0.0065151178278028965
679400,943,0.1,-707.6295410990715,161.0,2229,0.007866431027650833
679600,943,0.1,-921.9193078875542,119.0,3316,0.006413840223103762
679800,944,0.1,-238.5499082710594,107.0,423,0.008457540534436703
680000,944,0.1,-499.50966798327863,109.0,1546,0.009636566042900085
680200,944,0.1,-747.179458251223,96.0,2665,0.009660881012678146
680400,944,0.1,-1065.2493163254112,151.0,3783,0.009835975244641304
680600,945,0.1,-341.41991010122,95.0,881,0.009785989299416542
680800,945,0.1,-587.2797390501946,75.0,1994,0.005274499766528606
681000,945,0.1,-900.1196009200066,126.0,3105,0.0192121472209692
681200,946,0.1,-201.38994284905493,123.0,200,0.008975650183856487
681400,946,0.1,-451.2198617104441,107.0,1326,0.007673235144466162
681600,946,0.1,-723.1497084740549,123.0,2443,0.008116014301776886
681800,946,0.1,-1041.9596120957285,171.0,3546,0.008573018945753574
682000,947,0.1,-342.8199464008212,160.0,655,0.006629425100982189
682200,947,0.1,-564.4398208782077,119.0,1767,0.008696218952536583
682400,947,0.1,-767.4997082874179,58.0,2864,0.010591154918074608
682600,948,0.1,-83.78001350164413,56.0,29,0.01662415638566017
682800,948,0.1,-406.4299175143242,83.0,1117,0.011153033003211021
683000,948,0.1,-688.8798598647118,86.0,2227,0.01149972528219223
683200,948,0.1,-999.8097497820854,117.0,3313,0.01472786720842123
683400,949,0.1,-263.07996824383736,127.0,419,0.012064124457538128
683600,949,0.1,-489.73982933163643,77.0,1545,0.009258418343961239
683800,949,0.1,-797.4496419727802,113.0,2673,0.011824928224086761
684000,949,0.1,-1080.0794961750507,116.0,3783,0.006510876584798098
684200,950,0.1,-327.34990820102394,74.0,884,0.01132495328783989
684400,950,0.1,-636.0098865907639,91.0,1993,0.015593948774039745
684600,950,0.1,-925.0497635286301,99.0,3113,0.023764777928590775
684800,951,0.1,-151.04996361769736,69.0,201,0.015782173722982407
685000,951,0.1,-460.99988403357565,89.0,1326,0.1147264689207077
685200,951,0.1,-717.8197859767824,67.0,2450,0.014682321809232235
685400,951,0.1,-1041.2897345069796,95.0,3544,0.012944118119776249
685600,952,0.1,-309.6499163787812,113.0,659,0.017113037407398224
685800,952,0.1,-564.3198010604829,80.0,1764,0.022250613197684288
686000,952,0.1,-848.1196982543916,77.0,2866,0.01508971955627203
686200,953,0.1,-101.50999554432929,68.0,31,0.015107989311218262
686400,953,0.1,-408.1799574736506,93.0,1121,0.026439091190695763
686600,953,0.1,-651.3498278502375,62.0,2228,0.017465932294726372
686800,953,0.1,-951.779703700915,78.0,3316,0.0246567539870739
687000,954,0.1,-304.089931814,163.0,409,0.013896364718675613
687200,954,0.1,-482.5998240392655,71.0,1546,0.019929438829421997
687400,954,0.1,-809.8295970838517,133.0,2666,0.019750181585550308
687600,954,0.1,-996.0094552915543,49.0,3779,0.017413944005966187
687800,955,0.1,-295.03980877250433,59.0,884,0.12111743539571762
688000,955,0.1,-658.9096737131476,146.0,2001,0.012629790231585503
688200,955,0.1,-880.09960129112,92.0,3109,0.016164863482117653
688400,956,0.1,-183.16998863220215,95.0,206,0.03552555665373802
688600,956,0.1,-491.2398843765259,125.0,1326,0.050207655876874924
688800,956,0.1,-734.3897390365601,83.0,2444,0.014256847091019154
689000,956,0.1,-1009.2996072769165,79.0,3538,0.021102190017700195
689200,957,0.1,-285.7399073205888,89.0,654,0.0163839440792799
689400,957,0.1,-600.7097781263292,125.0,1766,0.010932380333542824
689600,957,0.1,-837.9996967874467,88.0,2868,0.026094304397702217
689800,958,0.1,-105.12001612596214,72.0,28,0.02054820954799652
690000,958,0.1,-405.57986643724144,103.0,1116,0.07702432572841644
690200,958,0.1,-708.919760255143,116.0,2225,0.038353826850652695
690400,958,0.1,-943.6696677487344,80.0,3320,0.01728689670562744
690600,959,0.1,-232.82989004068077,108.0,419,0.01695462130010128
690800,959,0.1,-464.5996661465615,92.0,1546,0.05391215160489082
691000,959,0.1,-672.4594240467995,61.0,2662,0.012688340619206429
691200,959,0.1,-976.689228085801,106.0,3777,0.010004431009292603
691400,960,0.1,-334.9398440718651,116.0,883,0.01597847044467926
691600,960,0.1,-604.4496287703514,151.0,1995,0.014479736797511578
691800,960,0.1,-803.539413869381,110.0,3109,0.00957471877336502
692000,961,0.1,-253.88992291502655,186.0,196,0.01035692822188139
692200,961,0.1,-488.6697099786252,159.0,1322,0.01574886217713356
692400,961,0.1,-642.9395752530545,49.0,2441,0.012931753881275654
692600,961,0.1,-995.5694733243436,146.0,3537,0.009137515909969807
692800,962,0.1,-338.55994307622313,148.0,657,0.008049776777625084
693000,962,0.1,-528.8597446642816,80.0,1760,0.009392413310706615
693200,962,0.1,-755.999627944082,45.0,2864,0.007852280512452126
693400,963,0.1,-106.16000163555145,80.0,31,0.007792934775352478
693600,963,0.1,-364.1498874425888,73.0,1125,0.03110448271036148
693800,963,0.1,-685.4297355413437,140.0,2224,0.013704760000109673
694000,963,0.1,-938.6895731687546,137.0,3319,0.012301599606871605
694200,964,0.1,-171.43997415341437,41.0,423,0.01179421041160822
694400,964,0.1,-488.91979154385626,70.0,1543,0.016543766483664513
694600,964,0.1,-847.34968313016,132.0,2660,0.012366168200969696
694800,964,0.1,-1081.4795952681452,73.0,3778,0.016793549060821533
695000,965,0.1,-353.1399044059217,88.0,884,0.017191961407661438
695200,965,0.1,-660.7798434756696,105.0,1998,0.011920548975467682
695400,965,0.1,-924.9897696040571,69.0,3104,0.007495187222957611
695600,966,0.1,-131.88997771777213,46.0,200,0.009328223764896393
695800,966,0.1,-472.1298792604357,92.0,1332,0.016552405431866646
696000,966,0.1,-811.5297329667956,141.0,2451,0.010884958319365978
696200,966,0.1,-1057.769658351317,90.0,3540,0.014666339382529259
696400,967,0.1,-272.70993366651237,70.0,654,0.020213419571518898
696600,967,0.1,-640.9797734301537,156.0,1766,0.19218949973583221
696800,967,0.1,-899.7396458666772,115.0,2867,0.01382741704583168
697000,968,0.1,-83.10000401362777,54.0,26,0.014436496421694756
697200,968,0.1,-409.259913738817,90.0,1119,0.014460500329732895
697400,968,0.1,-702.4597540460527,97.0,2225,0.01782725378870964
697600,968,0.1,-1002.3696332536638,109.0,3320,0.02189035527408123
697800,969,0.1,-250.42995762079954,113.0,424,0.026772256940603256
698000,969,0.1,-474.08976935595274,57.0,1550,0.02189183235168457
698200,969,0.1,-764.2096452638507,62.0,2670,0.024043958634138107
698400,969,0.1,-1044.099409095943,76.0,3772,0.008488480001688004
698600,970,0.1,-333.5298294033855,116.0,882,0.009000461548566818
698800,970,0.1,-597.0495346989483,149.0,1996,0.008517865091562271
699000,970,0.1,-762.0693263020366,70.0,3105,0.08200011402368546
699200,971,0.1,-180.4099059700966,113.0,197,0.012601817958056927
699400,971,0.1,-378.52960354089737,74.0,1322,0.007406068965792656
699600,971,0.1,-707.3392496705055,174.0,2450,0.009035026654601097
699800,971,0.1,-872.6389008164406,111.0,3541,0.007043980062007904
700000,972,0.1,-281.5398116968572,125.0,649,0.009478191845119
700200,972,0.1,-517.6595030687749,127.0,1764,0.018526341766119003
700400,972,0.1,-721.3393360041082,77.0,2867,0.014421946369111538
700600,973,0.1,-107.28000369481742,78.0,28,0.008437049575150013
700800,973,0.1,-391.72991576604545,95.0,1124,0.006605642847716808
701000,973,0.1,-672.3497745078057,101.0,2227,0.005498999264091253
701200,973,0.1,-912.7496706526726,72.0,3314,0.011259272694587708
701400,974,0.1,-229.11993943713605,97.0,419,0.011168000288307667
701600,974,0.1,-476.6898580696434,71.0,1544,0.008181765675544739
701800,974,0.1,-757.8297730591148,87.0,2665,0.04204747825860977
702000,974,0.1,-1036.8495784904808,95.0,3777,0.007182971574366093
702200,975,0.1,-315.5599224790931,71.0,877,0.006360543891787529
702400,975,0.1,-649.0897310003638,148.0,1992,0.010615024715662003
702600,975,0.1,-946.4595544561744,203.0,3112,0.01076450664550066
702800,976,0.1,-161.94992908649147,97.0,200,0.009991496801376343
703000,976,0.1,-368.6196757238358,76.0,1322,0.007561803795397282
703200,976,0.1,-652.8893834035844,135.0,2445,0.011788972653448582
703400,976,0.1,-896.6391106527299,150.0,3539,0.016680676490068436
703600,977,0.1,-403.06980344094336,245.0,655,0.00988244079053402
703800,977,0.1,-593.749513829127,212.0,1761,0.008884092792868614
704000,977,0.1,-765.0392439011484,145.0,2865,0.010840491391718388
704200,978,0.1,-325.9199642203748,309.0,27,0.006546821445226669
704400,978,0.1,-354.14968672022223,105.0,1118,0.010591801255941391
704600,978,0.1,-562.4094451926649,72.0,2232,0.008119752630591393
704800,978,0.1,-817.2792262099683,92.0,3318,0.012137473560869694
705000,979,0.1,-228.95987637899816,114.0,421,0.010510645806789398
705200,979,0.1,-437.0796178188175,82.0,1542,0.0065714456140995026
705400,979,0.1,-714.7193759288639,120.0,2664,0.012425284832715988
705600,979,0.1,-946.6191113796085,111.0,3773,0.013526557944715023
705800,980,0.1,-345.8497949484736,127.0,879,0.00795334205031395
706000,980,0.1,-636.8995700720698,171.0,1990,0.006256541702896357
706200,980,0.1,-798.3193279150873,98.0,3107,0.011159319430589676
706400,981,0.1,-168.93999337218702,88.0,198,0.011018033139407635
706600,981,0.1,-487.109865417704,114.0,1328,0.013482628390192986
706800,981,0.1,-809.9797625448555,145.0,2451,0.018050899729132652
707000,981,0.1,-1033.5597109701484,87.0,3538,0.012973116710782051
707200,982,0.1,-320.9398622158915,111.0,660,0.008410152979195118
707400,982,0.1,-559.639739478007,71.0,1766,0.008986364118754864
707600,982,0.1,-843.4196788910776,69.0,2863,0.015341276302933693
707800,983,0.1,-130.8000156506896,90.0,28,0.016384772956371307
708000,983,0.1,-372.01988907903433,50.0,1119,0.010807220824062824
708200,983,0.1,-696.8998272046447,87.0,2222,0.012014610692858696
708400,983,0.1,-934.3997680768371,47.0,3326,0.015578127466142178
708600,984,0.1,-290.2499407492578,156.0,416,0.015491909347474575
708800,984,0.1,-612.6797779761255,194.0,1548,0.023059703409671783
709000,984,0.1,-885.1796592436731,195.0,2664,0.01632455550134182
709200,984,0.1,-1096.4695039950311,117.0,3776,0.0190618634223938
709400,985,0.1,-394.5898928325623,135.0,878,0.07759377360343933
709600,985,0.1,-576.1897720973939,37.0,2002,0.015975557267665863
709800,985,0.1,-906.469599692151,89.0,3102,0.014099492691457272
710000,986,0.1,-138.75999366864562,52.0,196,0.01684742234647274
710200,986,0.1,-449.4998713694513,82.0,1327,0.01637091301381588
710400,986,0.1,-773.2797638140619,144.0,2442,0.009219354018568993
710600,986,0.1,-986.849508639425,132.0,3539,0.011742068454623222
710800,987,0.1,-405.24982487410307,247.0,650,0.011739885434508324
711000,987,0.1,-588.0595234557986,207.0,1756,0.010297399014234543
711200,987,0.1,-771.3192504569888,170.0,2856,0.009011718444526196
711400,988,0.1,-192.80997961387038,177.0,23,0.010989094153046608
711600,988,0.1,-333.6296631656587,96.0,1114,0.010124867781996727
711800,988,0.1,-607.2494386993349,128.0,2221,0.018500331789255142
712000,988,0.1,-830.3391966186464,114.0,3312,0.017490580677986145
712200,989,0.1,-285.9198986515403,164.0,418,0.014524244703352451
712400,989,0.1,-448.5796333774924,80.0,1540,0.007828498259186745
712600,989,0.1,-702.4995047077537,65.0,2664,0.008132899180054665
712800,989,0.1,-1009.6693178638816,110.0,3777,0.0160801000893116
713000,990,0.1,-298.999814029783,71.0,883,0.00829057116061449
713200,990,0.1,-559.7197046242654,70.0,1993,0.016498029232025146
713400,990,0.1,-911.9595711193979,161.0,3113,0.010112425312399864
713600,991,0.1,-167.5199468974024,90.0,204,0.008094115182757378
713800,991,0.1,-431.7297814730555,90.0,1324,0.011617898009717464
714000,991,0.1,-727.4495905283839,124.0,2441,0.012701020576059818
714200,991,0.1,-977.8494583014399,117.0,3541,0.024366557598114014
714400,992,0.1,-227.72996726073325,30.0,645,0.016874469816684723
714600,992,0.1,-609.1799274925143,126.0,1761,0.014718116261065006
714800,992,0.1,-853.4698540214449,90.0,2867,0.013545607216656208
715000,993,0.1,-113.66000321507454,80.0,26,0.01787995919585228
715200,993,0.1,-424.44985726475716,112.0,1130,0.020810149610042572
715400,993,0.1,-652.2497346699238,56.0,2228,0.024312639608979225
715600,993,0.1,-1007.3197121918201,133.0,3323,0.033028602600097656
715800,994,0.1,-248.5399793945253,101.0,414,0.01849282905459404
716000,994,0.1,-535.5098633132875,100.0,1545,0.017261790111660957
716200,994,0.1,-786.7397083602846,74.0,2670,0.009955736808478832
716400,994,0.1,-1083.0195283256471,92.0,3786,0.01195163931697607
716600,995,0.1,-360.14979844912887,141.0,884,0.009221995249390602
716800,995,0.1,-565.6695902906358,101.0,1997,0.007393642794340849
717000,995,0.1,-785.169403847307,76.0,3107,0.019221825525164604
717200,996,0.1,-191.4899265691638,123.0,196,0.011640971526503563
717400,996,0.1,-454.51977180689573,137.0,1322,0.009954997338354588
717600,996,0.1,-670.2195260450244,98.0,2447,0.014243567362427711
717800,996,0.1,-925.1892971917987,107.0,3547,0.014539415016770363
718000,997,0.1,-285.71987265348434,117.0,653,0.010876529850065708
718200,997,0.1,-525.7796248793602,105.0,1762,0.021320320665836334
718400,997,0.1,-786.7394413352013,119.0,2866,0.009773869067430496
718600,998,0.1,-105.4899728577584,79.0,24,0.012288711965084076
718800,998,0.1,-388.75974204950035,113.0,1125,0.010144591331481934
719000,998,0.1,-584.7994590085,67.0,2224,0.009083142504096031
719200,998,0.1,-848.7191930096596,110.0,3308,0.018480997532606125
719400,999,0.1,-258.3198669180274,137.0,412,0.01087680272758007
719600,999,0.1,-480.7396733984351,110.0,1543,0.012170877307653427
719800,999,0.1,-739.5094645246863,136.0,2666,0.010843480937182903
720000,999,0.1,-1037.1392517313361,184.0,3780,0.01445212122052908
